Order,Family,IUCN_name,IUCN_Status,Frequency_month,Survey_interval_days,Road_length_km,Survey_period_days,Latitude,Longitude,Country,Roadkill_rate_ind_km_y,Roadkillrate_corrected,AdultBodyMass_g_median,Home_range_Km2,longevity_y,Ageofmaturity_d,SocialGrpSize,Activity_1Diurnal_2Nocturnal,Litter_clutch_size,Litters_or_clutches_per_y,Diet_breadth,Habitat_breadth,Population density_IndKm2
Primates,Atelidae,alouatta caraya,NT,2,14,920,426,-20.490151,-54.80721,Brazil,0.000931313,0.001356923,5576.96,0.0195,26.32916667,1215.19918,8.9,1,1.005,1,2,1,11.2
Primates,Atelidae,alouatta caraya,NT,4,7,90,610,-25.54553,-48.78396,Brazil,0.006648452,0.009686795,5576.96,0.0195,26.32916667,1215.19918,8.9,1,1.005,1,2,1,11.2
Primates,Atelidae,alouatta caraya,NT,9.3,3.010752688,136,547,-14.157535,-47.59415,Brazil,0.009812883,0.014297371,5576.96,0.0195,26.32916667,1215.19918,8.9,1,1.005,1,2,1,11.2
Primates,Atelidae,alouatta caraya,NT,4,7,70,214,-20.187971,-54.806624,Brazil,0.024365821,0.035501001,5576.96,0.0195,26.32916667,1215.19918,8.9,1,1.005,1,2,1,11.2
Primates,Atelidae,alouatta caraya,NT,1.83,15.30054645,63,365,-15.79053,-56.654475,Brazil,0.015873016,0.023126984,5576.96,0.0195,26.32916667,1215.19918,8.9,1,1.005,1,2,1,11.2
Primates,Atelidae,alouatta caraya,NT,1,28,802,396,-17.859419,-51.730303,Brazil,0.00344782,0.005023474,5576.96,0.0195,26.32916667,1215.19918,8.9,1,1.005,1,2,1,11.2
Primates,Atelidae,alouatta caraya,NT,1,28,280,365,-15.159661,-56.55916,Brazil,0.007142857,0.010407143,5576.96,0.0195,26.32916667,1215.19918,8.9,1,1.005,1,2,1,11.2
Primates,Atelidae,alouatta caraya,NT,4,7,115,365,-11.904988,-48.737133,Brazil,0.008695652,0.012669565,5576.96,0.0195,26.32916667,1215.19918,8.9,1,1.005,1,2,1,11.2
Primates,Atelidae,alouatta palliata,VU,2,14,94.9,365,10.020301,-83.215233,Costa_Rica,0.042149631,0.061412012,6576.99,0.19,22,1287.4428,13.1,1,1.01,0.6,2,1,22.295
Primates,Atelidae,alouatta seniculus,LC,8,3.5,178.8,91,9.017987,-73.633823,Colombia,0.044865649,0.065369251,6398.31,0.1,25,1672.76256,7.9,1,1.2,0.815,2,2,30
Carnivora,Procyonidae,bassariscus astutus,LC,2.83,9.893992933,112,365,19.535661,-97.381011,Mexico,0.008928571,0.015303571,1010.37,0.74,16,300,,2,3,1,3,7,
Pilosa,Bradypodidae,bradypus tridactylus,LC,4.63,7.22,107,762,-2.323301,-60.044455,Brazil,0.00895332,0.013044987,4072.9,2.5,25.82083333,601.59454,1,2,1,1,1,1,
Pilosa,Bradypodidae,bradypus variegatus,LC,2,14,94.9,365,10.020301,-83.215233,Costa_Rica,0.031612223,0.046059009,4136.36,0.01,3.241666667,1138.91512,1,2,1,1.05,1,1,650
Pilosa,Bradypodidae,bradypus variegatus,LC,28,1,180.4,1126,-22.307184,-43.130266,Brazil,0.025156254,0.03008688,4136.36,0.01,3.241666667,1138.91512,1,2,1,1.05,1,1,650
Pilosa,Bradypodidae,bradypus variegatus,LC,2,14,71,335,10.468506,-84.657612,Costa_Rica,0.015345806,0.022358839,4136.36,0.01,3.241666667,1138.91512,1,2,1,1.05,1,1,650
Pilosa,Bradypodidae,bradypus variegatus,LC,8,3.5,38.92,92,9.245341,-79.64701,Panama,0.407748335,0.594089324,4136.36,0.01,3.241666667,1138.91512,1,2,1,1.05,1,1,650
Pilosa,Bradypodidae,bradypus variegatus,LC,4.63,7.22,107,762,-2.323301,-60.044455,Brazil,0.00895332,0.013044987,4136.36,0.01,3.241666667,1138.91512,1,2,1,1.05,1,1,650
Primates,Callitrichidae,callithrix geoffroyi,LC,672,0.041666667,57.5,1765,-20.580677,-40.417217,Brazil,0.03596502,0.03596502,342,0.23,16.5,477,,1,2.24,2,4,1,9.7
Primates,Callitrichidae,callithrix jacchus,LC,28,1,180.4,1126,-22.307184,-43.130266,Brazil,0.019765628,0.031842427,290.21,0.02,16.25,477,8.55,1,2.275,2,4,2,671
Primates,Callitrichidae,callithrix penicillata,LC,2,14,12.8,488,-13.903857,-40.018298,Brazil,0.116867316,0.20031058,339.98,0.01,15.7,477,5.9,1,2,2,4,1,40
Primates,Callitrichidae,callithrix penicillata,LC,9.3,3.010752688,136,547,-14.157535,-47.59415,Brazil,0.004906442,0.008409642,339.98,0.01,15.7,477,5.9,1,2,2,4,1,40
Primates,Callitrichidae,callithrix penicillata,LC,28,1,180.4,1126,-22.307184,-43.130266,Brazil,0.005390626,0.007563048,339.98,0.01,15.7,477,5.9,1,2,2,4,1,40
Primates,Callitrichidae,callithrix penicillata,LC,4,7,96,365,-19.36333333,-48.07916667,Brazil,0.03125,0.0535625,339.98,0.01,15.7,477,5.9,1,2,2,4,1,40
Primates,Callitrichidae,callithrix penicillata,LC,4,7,192,365,-19.278735,-48.122972,Brazil,0.015625,0.02678125,339.98,0.01,15.7,477,5.9,1,2,2,4,1,40
Primates,Callitrichidae,callithrix penicillata,LC,1,28,802,396,-17.859419,-51.730303,Brazil,0.001149273,0.001969854,339.98,0.01,15.7,477,5.9,1,2,2,4,1,40
Primates,Callitrichidae,callithrix penicillata,LC,16,1.75,130,304,-20.675583,-43.349806,Brazil,0.03694332,0.05641245,339.98,0.01,15.7,477,5.9,1,2,2,4,1,40
Didelphimorphia,Didelphidae,caluromys philander,LC,672,0.041666667,57.5,1765,-20.580677,-40.417217,Brazil,0.039561522,0.039561522,246.47,0.00996,7.616666667,309.26,1,2,4.26,2,5,2,40
Didelphimorphia,Didelphidae,caluromys philander,LC,1,28,280,365,-15.159661,-56.55916,Brazil,0.007142857,0.014071428,246.47,0.00996,7.616666667,309.26,1,2,4.26,2,5,2,40
Carnivora,Canidae,canis latrans,LC,2.83,9.893992933,112,365,19.535661,-97.381011,Mexico,0.017857143,0.026017857,11989.1,18.88,21.79583333,313.18644,,2,5.6625,1,3,8,0.0343
Rodentia,Caviidae,cavia aperea,LC,3,9.333333333,26,366,-31.639476,-60.633072,Argentina,0.038356452,0.065742959,524.38,0.000922,6,74,,1,2.31,5,1,6,
Rodentia,Caviidae,cavia aperea,LC,56,0.5,34,1461,-25.753,-54.54,Argentina,0.058783267,0.058783267,524.38,0.000922,6,74,,1,2.31,5,1,6,
Rodentia,Caviidae,cavia aperea,LC,28,1,180.4,1126,-22.307184,-43.130266,Brazil,0.001796875,0.002521016,524.38,0.000922,6,74,,1,2.31,5,1,6,
Rodentia,Caviidae,cavia aperea,LC,2,14,250,2587,-20.552911,-55.549228,Brazil,0.002257441,0.003869254,524.38,0.000922,6,74,,1,2.31,5,1,6,
Rodentia,Caviidae,cavia aperea,LC,4,7,45,366,-30.347781,-53.998679,Brazil,0.73132969,1.253499089,524.38,0.000922,6,74,,1,2.31,5,1,6,
Rodentia,Caviidae,cavia aperea,LC,4,7,63,242,-26.581324,-48.722133,Brazil,0.047881412,0.08206874,524.38,0.000922,6,74,,1,2.31,5,1,6,
Rodentia,Caviidae,cavia aperea,LC,4,7,70,214,-20.187971,-54.806624,Brazil,0.024365821,0.041763017,524.38,0.000922,6,74,,1,2.31,5,1,6,
Rodentia,Caviidae,cavia aperea,LC,6,4.666666667,26,761,-28.170158,-52.314813,Brazil,0.129131709,0.221331749,524.38,0.000922,6,74,,1,2.31,5,1,6,
Rodentia,Caviidae,cavia aperea,LC,1.67,16.76646707,70,344,-25.755959,-57.729048,Paraguay,0.045473422,0.077941445,524.38,0.000922,6,74,,1,2.31,5,1,6,
Rodentia,Caviidae,cavia aperea,LC,8,3.5,28,245,-19.936923,-40.482438,Brazil,0.053206997,0.091196793,524.38,0.000922,6,74,,1,2.31,5,1,6,
Rodentia,Caviidae,cavia aperea,LC,8,3.5,29,365,-30.117957,-53.619222,Brazil,3.655172414,6.264965518,524.38,0.000922,6,74,,1,2.31,5,1,6,
Rodentia,Caviidae,cavia aperea,LC,672,0.041666667,366,1461,-24.866723,-50.445759,Brazil,0.00273037,0.00273037,524.38,0.000922,6,74,,1,2.31,5,1,6,
Carnivora,Canidae,cerdocyon thous,LC,3.6,7.777777778,80.27,151,11.019911,-74.213309,Colombia,0.18068159,0.263253077,5741.66,1.41,11.5,276.05452,2,2,3.545,1.9,3,9,0.41
Carnivora,Canidae,cerdocyon thous,LC,2,14,920,426,-20.490151,-54.80721,Brazil,0.222583691,0.324304438,5741.66,1.41,11.5,276.05452,2,2,3.545,1.9,3,9,0.41
Carnivora,Canidae,cerdocyon thous,LC,3,9.333333333,26,366,-31.639476,-60.633072,Argentina,0.268495166,0.391197457,5741.66,1.41,11.5,276.05452,2,2,3.545,1.9,3,9,0.41
Carnivora,Canidae,cerdocyon thous,LC,56,0.5,34,1461,-25.753,-54.54,Argentina,0.433526593,0.433526593,5741.66,1.41,11.5,276.05452,2,2,3.545,1.9,3,9,0.41
Carnivora,Canidae,cerdocyon thous,LC,4,7,90,610,-25.54553,-48.78396,Brazil,0.119672131,0.174362295,5741.66,1.41,11.5,276.05452,2,2,3.545,1.9,3,9,0.41
Carnivora,Canidae,cerdocyon thous,LC,9.3,3.010752688,136,547,-14.157535,-47.59415,Brazil,0.009812883,0.014297371,5741.66,1.41,11.5,276.05452,2,2,3.545,1.9,3,9,0.41
Carnivora,Canidae,cerdocyon thous,LC,4,7,100,365,-13.561588,-58.421854,Brazil,0.42,0.61194,5741.66,1.41,11.5,276.05452,2,2,3.545,1.9,3,9,0.41
Carnivora,Canidae,cerdocyon thous,LC,28,1,180.4,1126,-22.307184,-43.130266,Brazil,0.017968753,0.021490629,5741.66,1.41,11.5,276.05452,2,2,3.545,1.9,3,9,0.41
Carnivora,Canidae,cerdocyon thous,LC,2,14,250,2587,-20.552911,-55.549228,Brazil,0.100456127,0.146364577,5741.66,1.41,11.5,276.05452,2,2,3.545,1.9,3,9,0.41
Carnivora,Canidae,cerdocyon thous,LC,4,7,96,365,-19.36333333,-48.07916667,Brazil,0.541666667,0.789208334,5741.66,1.41,11.5,276.05452,2,2,3.545,1.9,3,9,0.41
Carnivora,Canidae,cerdocyon thous,LC,4,7,192,365,-19.278735,-48.122972,Brazil,0.270833333,0.394604166,5741.66,1.41,11.5,276.05452,2,2,3.545,1.9,3,9,0.41
Carnivora,Canidae,cerdocyon thous,LC,16,1.75,92,153,2.240471,-76.770907,Colombia,0.025930662,0.033554277,5741.66,1.41,11.5,276.05452,2,2,3.545,1.9,3,9,0.41
Carnivora,Canidae,cerdocyon thous,LC,1,28,195,373,-29.660601,-49.980385,Brazil,0.215783323,0.314396302,5741.66,1.41,11.5,276.05452,2,2,3.545,1.9,3,9,0.41
Carnivora,Canidae,cerdocyon thous,LC,4,7,45,366,-30.347781,-53.998679,Brazil,0.177292046,0.258314511,5741.66,1.41,11.5,276.05452,2,2,3.545,1.9,3,9,0.41
Carnivora,Canidae,cerdocyon thous,LC,8,3.5,55,366,-18.232298,-50.431983,Brazil,0.380774963,0.554789121,5741.66,1.41,11.5,276.05452,2,2,3.545,1.9,3,9,0.41
Carnivora,Canidae,cerdocyon thous,LC,4,7,63,242,-26.581324,-48.722133,Brazil,0.071822117,0.104644824,5741.66,1.41,11.5,276.05452,2,2,3.545,1.9,3,9,0.41
Carnivora,Canidae,cerdocyon thous,LC,1.69,16.56804734,255,396,-24.739094,-65.028936,Argentina,0.003614577,0.005266439,5741.66,1.41,11.5,276.05452,2,2,3.545,1.9,3,9,0.41
Carnivora,Canidae,cerdocyon thous,LC,4,7,216,538,-16.575593,-50.261,Brazil,0.185314264,0.270002883,5741.66,1.41,11.5,276.05452,2,2,3.545,1.9,3,9,0.41
Carnivora,Canidae,cerdocyon thous,LC,1,28,67,304,-28.983732,-53.646553,Brazil,0.089601335,0.130549145,5741.66,1.41,11.5,276.05452,2,2,3.545,1.9,3,9,0.41
Carnivora,Canidae,cerdocyon thous,LC,3,9.333333333,197,183,-16.598535,-50.195063,Brazil,0.101245458,0.147514632,5741.66,1.41,11.5,276.05452,2,2,3.545,1.9,3,9,0.41
Carnivora,Canidae,cerdocyon thous,LC,4,7,70,214,-20.187971,-54.806624,Brazil,0.511682243,0.745521028,5741.66,1.41,11.5,276.05452,2,2,3.545,1.9,3,9,0.41
Carnivora,Canidae,cerdocyon thous,LC,8,3.5,27.2,182,9.489191,-75.514281,Colombia,3.465376535,5.049053611,5741.66,1.41,11.5,276.05452,2,2,3.545,1.9,3,9,0.41
Carnivora,Canidae,cerdocyon thous,LC,24,1.166666667,99.3,183,9.508766,-75.236148,Colombia,0.964125931,1.153094613,5741.66,1.41,11.5,276.05452,2,2,3.545,1.9,3,9,0.41
Carnivora,Canidae,cerdocyon thous,LC,1,28,215,457,-20.387782,-56.100565,Brazil,0.237748715,0.346399878,5741.66,1.41,11.5,276.05452,2,2,3.545,1.9,3,9,0.41
Carnivora,Canidae,cerdocyon thous,LC,8.33,3.361344538,107,90,4.390395,-73.297052,Colombia,0.22741433,0.331342679,5741.66,1.41,11.5,276.05452,2,2,3.545,1.9,3,9,0.41
Carnivora,Canidae,cerdocyon thous,LC,672,0.041666667,57.5,1765,-20.580677,-40.417217,Brazil,0.237369134,0.237369134,5741.66,1.41,11.5,276.05452,2,2,3.545,1.9,3,9,0.41
Carnivora,Canidae,cerdocyon thous,LC,224,0.125,160,790,-22.267404,-48.202888,Brazil,0.092405063,0.092405063,5741.66,1.41,11.5,276.05452,2,2,3.545,1.9,3,9,0.41
Carnivora,Canidae,cerdocyon thous,LC,8,3.5,25,1310,-6.115415,-49.990498,Brazil,0.12259542,0.178621527,5741.66,1.41,11.5,276.05452,2,2,3.545,1.9,3,9,0.41
Carnivora,Canidae,cerdocyon thous,LC,6,4.666666667,26,761,-28.170158,-52.314813,Brazil,0.387395128,0.564434701,5741.66,1.41,11.5,276.05452,2,2,3.545,1.9,3,9,0.41
Carnivora,Canidae,cerdocyon thous,LC,2,14,12,305,-29.878831,-50.16805,Brazil,0.598360656,0.871811476,5741.66,1.41,11.5,276.05452,2,2,3.545,1.9,3,9,0.41
Carnivora,Canidae,cerdocyon thous,LC,12,2.333333333,59.6,730,-19.72597,-40.644482,Brazil,0.067114094,0.086845638,5741.66,1.41,11.5,276.05452,2,2,3.545,1.9,3,9,0.41
Carnivora,Canidae,cerdocyon thous,LC,1.67,16.76646707,70,344,-25.755959,-57.729048,Paraguay,0.348629568,0.507953281,5741.66,1.41,11.5,276.05452,2,2,3.545,1.9,3,9,0.41
Carnivora,Canidae,cerdocyon thous,LC,1.83,15.30054645,63,365,-15.79053,-56.654475,Brazil,0.571428571,0.832571428,5741.66,1.41,11.5,276.05452,2,2,3.545,1.9,3,9,0.41
Carnivora,Canidae,cerdocyon thous,LC,2,14,75,245,7.082591,-73.718817,Colombia,0.496598639,0.723544217,5741.66,1.41,11.5,276.05452,2,2,3.545,1.9,3,9,0.41
Carnivora,Canidae,cerdocyon thous,LC,1,28,802,396,-17.859419,-51.730303,Brazil,0.22755611,0.331549252,5741.66,1.41,11.5,276.05452,2,2,3.545,1.9,3,9,0.41
Carnivora,Canidae,cerdocyon thous,LC,8,3.5,49,182,9.821408,-75.442693,Colombia,1.514352994,2.206412312,5741.66,1.41,11.5,276.05452,2,2,3.545,1.9,3,9,0.41
Carnivora,Canidae,cerdocyon thous,LC,672,0.041666667,412,303,-26.07434,-49.744804,Brazil,0.020466853,0.020466853,5741.66,1.41,11.5,276.05452,2,2,3.545,1.9,3,9,0.41
Carnivora,Canidae,cerdocyon thous,LC,8,3.5,178.8,91,9.017987,-73.633823,Colombia,0.695417558,1.013223382,5741.66,1.41,11.5,276.05452,2,2,3.545,1.9,3,9,0.41
Carnivora,Canidae,cerdocyon thous,LC,12,2.333333333,36,730,-1.005806,-46.774428,Brazil,0.069444444,0.089861111,5741.66,1.41,11.5,276.05452,2,2,3.545,1.9,3,9,0.41
Carnivora,Canidae,cerdocyon thous,LC,1,28,572,153,9.587135,-67.303008,Venezuela,0.050047991,0.072919923,5741.66,1.41,11.5,276.05452,2,2,3.545,1.9,3,9,0.41
Carnivora,Canidae,cerdocyon thous,LC,1,28,180,334,-7.063913,-36.564084,Brazil,0.528193613,0.769578094,5741.66,1.41,11.5,276.05452,2,2,3.545,1.9,3,9,0.41
Carnivora,Canidae,cerdocyon thous,LC,40,0.7,12,488,-22.246302,-47.839529,Brazil,0.062329235,0.062329235,5741.66,1.41,11.5,276.05452,2,2,3.545,1.9,3,9,0.41
Carnivora,Canidae,cerdocyon thous,LC,16,1.75,130,304,-20.675583,-43.349806,Brazil,0.02770749,0.035853492,5741.66,1.41,11.5,276.05452,2,2,3.545,1.9,3,9,0.41
Carnivora,Canidae,cerdocyon thous,LC,1,28,74,599,8.90034,-69.403086,Venezuela,0.074110003,0.107978274,5741.66,1.41,11.5,276.05452,2,2,3.545,1.9,3,9,0.41
Carnivora,Canidae,cerdocyon thous,LC,8,3.5,29,365,-30.117957,-53.619222,Brazil,0.172413793,0.251206896,5741.66,1.41,11.5,276.05452,2,2,3.545,1.9,3,9,0.41
Carnivora,Canidae,cerdocyon thous,LC,8,3.5,130,426,-7.167969,-35.367968,Brazil,0.191133983,0.278482213,5741.66,1.41,11.5,276.05452,2,2,3.545,1.9,3,9,0.41
Carnivora,Canidae,cerdocyon thous,LC,2.5,11.2,110,365,-11.646886,-61.54987,Brazil,0.109090909,0.158945454,5741.66,1.41,11.5,276.05452,2,2,3.545,1.9,3,9,0.41
Carnivora,Canidae,cerdocyon thous,LC,1,28,280,365,-15.159661,-56.55916,Brazil,0.428571429,0.624428572,5741.66,1.41,11.5,276.05452,2,2,3.545,1.9,3,9,0.41
Carnivora,Canidae,cerdocyon thous,LC,0.72,38.88888889,51.9,547,9.784776,-69.152523,Venezuela,0.411422613,0.599442747,5741.66,1.41,11.5,276.05452,2,2,3.545,1.9,3,9,0.41
Carnivora,Canidae,cerdocyon thous,LC,4,7,115,365,-11.904988,-48.737133,Brazil,0.12173913,0.177373912,5741.66,1.41,11.5,276.05452,2,2,3.545,1.9,3,9,0.41
Pilosa,Megalonychidae,choloepus didactylus,LC,8.33,3.361344538,107,90,4.390395,-73.297052,Colombia,0.037902388,0.055223779,6250,5.65,32.28333333,1270.87,1,2,1,1,2,1,
Pilosa,Megalonychidae,choloepus didactylus,LC,8,3.5,25,1310,-6.115415,-49.990498,Brazil,0.033435115,0.048714963,6250,5.65,32.28333333,1270.87,1,2,1,1,2,1,
Carnivora,Canidae,chrysocyon brachyurus,NT,2,14,920,426,-20.490151,-54.80721,Brazil,0.006519188,0.009498457,23249.84,21.36,15.66666667,730,,2,2.5,1,5,6,
Carnivora,Canidae,chrysocyon brachyurus,NT,9.3,3.010752688,136,547,-14.157535,-47.59415,Brazil,0.034345091,0.050040798,23249.84,21.36,15.66666667,730,,2,2.5,1,5,6,
Carnivora,Canidae,chrysocyon brachyurus,NT,4,7,100,365,-13.561588,-58.421854,Brazil,0.01,0.01457,23249.84,21.36,15.66666667,730,,2,2.5,1,5,6,
Carnivora,Canidae,chrysocyon brachyurus,NT,28,1,180.4,1126,-22.307184,-43.130266,Brazil,0.010781252,0.012894377,23249.84,21.36,15.66666667,730,,2,2.5,1,5,6,
Carnivora,Canidae,chrysocyon brachyurus,NT,2,14,250,2587,-20.552911,-55.549228,Brazil,0.002257441,0.003289092,23249.84,21.36,15.66666667,730,,2,2.5,1,5,6,
Carnivora,Canidae,chrysocyon brachyurus,NT,4,7,96,365,-19.36333333,-48.07916667,Brazil,0.083333333,0.121416666,23249.84,21.36,15.66666667,730,,2,2.5,1,5,6,
Carnivora,Canidae,chrysocyon brachyurus,NT,4,7,192,365,-19.278735,-48.122972,Brazil,0.041666667,0.060708334,23249.84,21.36,15.66666667,730,,2,2.5,1,5,6,
Carnivora,Canidae,chrysocyon brachyurus,NT,8,3.5,55,366,-18.232298,-50.431983,Brazil,0.018132141,0.026418529,23249.84,21.36,15.66666667,730,,2,2.5,1,5,6,
Carnivora,Canidae,chrysocyon brachyurus,NT,4,7,216,538,-16.575593,-50.261,Brazil,0.012563679,0.01830528,23249.84,21.36,15.66666667,730,,2,2.5,1,5,6,
Carnivora,Canidae,chrysocyon brachyurus,NT,3,9.333333333,197,183,-16.598535,-50.195063,Brazil,0.010124546,0.014751464,23249.84,21.36,15.66666667,730,,2,2.5,1,5,6,
Carnivora,Canidae,chrysocyon brachyurus,NT,224,0.125,160,790,-22.267404,-48.202888,Brazil,0.028876582,0.028876582,23249.84,21.36,15.66666667,730,,2,2.5,1,5,6,
Carnivora,Canidae,chrysocyon brachyurus,NT,1,28,802,396,-17.859419,-51.730303,Brazil,0.012642006,0.018419403,23249.84,21.36,15.66666667,730,,2,2.5,1,5,6,
Carnivora,Canidae,chrysocyon brachyurus,NT,40,0.7,12,488,-22.246302,-47.839529,Brazil,0.12465847,0.12465847,23249.84,21.36,15.66666667,730,,2,2.5,1,5,6,
Carnivora,Canidae,chrysocyon brachyurus,NT,672,0.041666667,366,1461,-24.866723,-50.445759,Brazil,0.014334444,0.014334444,23249.84,21.36,15.66666667,730,,2,2.5,1,5,6,
Carnivora,Canidae,chrysocyon brachyurus,NT,4,7,115,365,-11.904988,-48.737133,Brazil,0.008695652,0.012669565,23249.84,21.36,15.66666667,730,,2,2.5,1,5,6,
Rodentia,Erethizontidae,coendou prehensilis,LC,4,7,96,365,-19.36333333,-48.07916667,Brazil,0.03125,0.04553125,4116.2,0.14,17.31666667,578.284,1,2,0.99,1.11,2,1,
Rodentia,Erethizontidae,coendou prehensilis,LC,4,7,192,365,-19.278735,-48.122972,Brazil,0.015625,0.022765625,4116.2,0.14,17.31666667,578.284,1,2,0.99,1.11,2,1,
Rodentia,Erethizontidae,coendou prehensilis,LC,8,3.5,55,366,-18.232298,-50.431983,Brazil,0.036264282,0.052837059,4116.2,0.14,17.31666667,578.284,1,2,0.99,1.11,2,1,
Rodentia,Erethizontidae,coendou prehensilis,LC,4,7,216,538,-16.575593,-50.261,Brazil,0.050254716,0.073221121,4116.2,0.14,17.31666667,578.284,1,2,0.99,1.11,2,1,
Rodentia,Erethizontidae,coendou prehensilis,LC,3,9.333333333,197,183,-16.598535,-50.195063,Brazil,0.010124546,0.014751464,4116.2,0.14,17.31666667,578.284,1,2,0.99,1.11,2,1,
Rodentia,Erethizontidae,coendou prehensilis,LC,8.33,3.361344538,107,90,4.390395,-73.297052,Colombia,0.265316719,0.38656646,4116.2,0.14,17.31666667,578.284,1,2,0.99,1.11,2,1,
Rodentia,Erethizontidae,coendou prehensilis,LC,1,28,802,396,-17.859419,-51.730303,Brazil,0.008044913,0.011721438,4116.2,0.14,17.31666667,578.284,1,2,0.99,1.11,2,1,
Rodentia,Erethizontidae,coendou prehensilis,LC,4.63,7.22,107,762,-2.323301,-60.044455,Brazil,0.00447666,0.006522494,4116.2,0.14,17.31666667,578.284,1,2,0.99,1.11,2,1,
Rodentia,Erethizontidae,coendou prehensilis,LC,8,3.5,178.8,91,9.017987,-73.633823,Colombia,0.067298473,0.098053875,4116.2,0.14,17.31666667,578.284,1,2,0.99,1.11,2,1,
Rodentia,Erethizontidae,coendou prehensilis,LC,40,0.7,12,488,-22.246302,-47.839529,Brazil,0.12465847,0.12465847,4116.2,0.14,17.31666667,578.284,1,2,0.99,1.11,2,1,
Rodentia,Erethizontidae,coendou prehensilis,LC,16,1.75,130,304,-20.675583,-43.349806,Brazil,0.02770749,0.035853492,4116.2,0.14,17.31666667,578.284,1,2,0.99,1.11,2,1,
Rodentia,Erethizontidae,coendou prehensilis,LC,1,28,280,365,-15.159661,-56.55916,Brazil,0.007142857,0.010407143,4116.2,0.14,17.31666667,578.284,1,2,0.99,1.11,2,1,
Rodentia,Cuniculidae,cuniculus paca,LC,56,0.5,34,1461,-25.753,-54.54,Argentina,0.117566534,0.117566534,8172.55,0.0205,16,335.48,1,2,1.01,1.5,3,2,25
Rodentia,Cuniculidae,cuniculus paca,LC,28,1,180.4,1126,-22.307184,-43.130266,Brazil,0.005390626,0.006447189,8172.55,0.0205,16,335.48,1,2,1.01,1.5,3,2,25
Rodentia,Cuniculidae,cuniculus paca,LC,2,14,250,2587,-20.552911,-55.549228,Brazil,0.00056436,0.000822273,8172.55,0.0205,16,335.48,1,2,1.01,1.5,3,2,25
Rodentia,Cuniculidae,cuniculus paca,LC,672,0.041666667,57.5,1765,-20.580677,-40.417217,Brazil,0.007193004,0.007193004,8172.55,0.0205,16,335.48,1,2,1.01,1.5,3,2,25
Rodentia,Cuniculidae,cuniculus paca,LC,40,0.7,12,488,-22.246302,-47.839529,Brazil,0.12465847,0.12465847,8172.55,0.0205,16,335.48,1,2,1.01,1.5,3,2,25
Rodentia,Cuniculidae,cuniculus paca,LC,1,28,280,365,-15.159661,-56.55916,Brazil,0.007142857,0.010407143,8172.55,0.0205,16,335.48,1,2,1.01,1.5,3,2,25
Rodentia,Cuniculidae,cuniculus paca,LC,672,0.041666667,366,1461,-24.866723,-50.445759,Brazil,0.002047778,0.002047778,8172.55,0.0205,16,335.48,1,2,1.01,1.5,3,2,25
Cingulata,Dasypodidae,dasypus novemcinctus,LC,2,14,94.9,365,10.020301,-83.215233,Costa_Rica,0.252897787,0.368472076,3949.01,0.04,18.65,385.35594,1,2,3.98,1,1,6,0.26
Cingulata,Dasypodidae,dasypus novemcinctus,LC,2,14,920,426,-20.490151,-54.80721,Brazil,0.073573689,0.107196865,3949.01,0.04,18.65,385.35594,1,2,3.98,1,1,6,0.26
Cingulata,Dasypodidae,dasypus novemcinctus,LC,56,0.5,34,1461,-25.753,-54.54,Argentina,0.367395418,0.367395418,3949.01,0.04,18.65,385.35594,1,2,3.98,1,1,6,0.26
Cingulata,Dasypodidae,dasypus novemcinctus,LC,4,7,90,610,-25.54553,-48.78396,Brazil,0.019945355,0.029060382,3949.01,0.04,18.65,385.35594,1,2,3.98,1,1,6,0.26
Cingulata,Dasypodidae,dasypus novemcinctus,LC,4,7,100,365,-13.561588,-58.421854,Brazil,0.04,0.05828,3949.01,0.04,18.65,385.35594,1,2,3.98,1,1,6,0.26
Cingulata,Dasypodidae,dasypus novemcinctus,LC,28,1,180.4,1126,-22.307184,-43.130266,Brazil,0.003593751,0.004298126,3949.01,0.04,18.65,385.35594,1,2,3.98,1,1,6,0.26
Cingulata,Dasypodidae,dasypus novemcinctus,LC,2,14,250,2587,-20.552911,-55.549228,Brazil,0.018623889,0.027135006,3949.01,0.04,18.65,385.35594,1,2,3.98,1,1,6,0.26
Cingulata,Dasypodidae,dasypus novemcinctus,LC,2,14,71,335,10.468506,-84.657612,Costa_Rica,0.107420643,0.156511877,3949.01,0.04,18.65,385.35594,1,2,3.98,1,1,6,0.26
Cingulata,Dasypodidae,dasypus novemcinctus,LC,4,7,96,365,-19.36333333,-48.07916667,Brazil,0.104166667,0.151770834,3949.01,0.04,18.65,385.35594,1,2,3.98,1,1,6,0.26
Cingulata,Dasypodidae,dasypus novemcinctus,LC,4,7,192,365,-19.278735,-48.122972,Brazil,0.052083333,0.075885416,3949.01,0.04,18.65,385.35594,1,2,3.98,1,1,6,0.26
Cingulata,Dasypodidae,dasypus novemcinctus,LC,16,1.75,92,153,2.240471,-76.770907,Colombia,0.155583973,0.201325661,3949.01,0.04,18.65,385.35594,1,2,3.98,1,1,6,0.26
Cingulata,Dasypodidae,dasypus novemcinctus,LC,1,28,195,373,-29.660601,-49.980385,Brazil,0.01505465,0.021934625,3949.01,0.04,18.65,385.35594,1,2,3.98,1,1,6,0.26
Cingulata,Dasypodidae,dasypus novemcinctus,LC,4,7,45,366,-30.347781,-53.998679,Brazil,0.15513054,0.226025197,3949.01,0.04,18.65,385.35594,1,2,3.98,1,1,6,0.26
Cingulata,Dasypodidae,dasypus novemcinctus,LC,8,3.5,55,366,-18.232298,-50.431983,Brazil,0.054396423,0.079255588,3949.01,0.04,18.65,385.35594,1,2,3.98,1,1,6,0.26
Cingulata,Dasypodidae,dasypus novemcinctus,LC,4,7,216,538,-16.575593,-50.261,Brazil,0.012563679,0.01830528,3949.01,0.04,18.65,385.35594,1,2,3.98,1,1,6,0.26
Cingulata,Dasypodidae,dasypus novemcinctus,LC,3,9.333333333,197,183,-16.598535,-50.195063,Brazil,0.010124546,0.014751464,3949.01,0.04,18.65,385.35594,1,2,3.98,1,1,6,0.26
Cingulata,Dasypodidae,dasypus novemcinctus,LC,4,7,70,214,-20.187971,-54.806624,Brazil,0.048731642,0.071002002,3949.01,0.04,18.65,385.35594,1,2,3.98,1,1,6,0.26
Cingulata,Dasypodidae,dasypus novemcinctus,LC,1,28,215,457,-20.387782,-56.100565,Brazil,0.063152002,0.092012467,3949.01,0.04,18.65,385.35594,1,2,3.98,1,1,6,0.26
Cingulata,Dasypodidae,dasypus novemcinctus,LC,672,0.041666667,57.5,1765,-20.580677,-40.417217,Brazil,0.046754526,0.046754526,3949.01,0.04,18.65,385.35594,1,2,3.98,1,1,6,0.26
Cingulata,Dasypodidae,dasypus novemcinctus,LC,6,4.666666667,26,761,-28.170158,-52.314813,Brazil,0.036894774,0.053755686,3949.01,0.04,18.65,385.35594,1,2,3.98,1,1,6,0.26
Cingulata,Dasypodidae,dasypus novemcinctus,LC,2,14,12,305,-29.878831,-50.16805,Brazil,0.099726776,0.145301913,3949.01,0.04,18.65,385.35594,1,2,3.98,1,1,6,0.26
Cingulata,Dasypodidae,dasypus novemcinctus,LC,12,2.333333333,59.6,730,-19.72597,-40.644482,Brazil,0.008389262,0.010855705,3949.01,0.04,18.65,385.35594,1,2,3.98,1,1,6,0.26
Cingulata,Dasypodidae,dasypus novemcinctus,LC,1.83,15.30054645,63,365,-15.79053,-56.654475,Brazil,0.111111111,0.161888889,3949.01,0.04,18.65,385.35594,1,2,3.98,1,1,6,0.26
Cingulata,Dasypodidae,dasypus novemcinctus,LC,20,1.4,36,183,-10.675567,-62.208069,Brazil,1.717516697,2.05414997,3949.01,0.04,18.65,385.35594,1,2,3.98,1,1,6,0.26
Cingulata,Dasypodidae,dasypus novemcinctus,LC,8,3.5,28,245,-19.936923,-40.482438,Brazil,0.053206997,0.077522595,3949.01,0.04,18.65,385.35594,1,2,3.98,1,1,6,0.26
Cingulata,Dasypodidae,dasypus novemcinctus,LC,1,28,802,396,-17.859419,-51.730303,Brazil,0.036776745,0.053583717,3949.01,0.04,18.65,385.35594,1,2,3.98,1,1,6,0.26
Cingulata,Dasypodidae,dasypus novemcinctus,LC,4.63,7.22,107,762,-2.323301,-60.044455,Brazil,0.00895332,0.013044987,3949.01,0.04,18.65,385.35594,1,2,3.98,1,1,6,0.26
Cingulata,Dasypodidae,dasypus novemcinctus,LC,10,2.8,11,245,-7.691903,-72.639592,Brazil,0.135435993,0.175254175,3949.01,0.04,18.65,385.35594,1,2,3.98,1,1,6,0.26
Cingulata,Dasypodidae,dasypus novemcinctus,LC,40,0.7,12,488,-22.246302,-47.839529,Brazil,0.12465847,0.12465847,3949.01,0.04,18.65,385.35594,1,2,3.98,1,1,6,0.26
Cingulata,Dasypodidae,dasypus novemcinctus,LC,16,1.75,130,304,-20.675583,-43.349806,Brazil,0.01847166,0.023902328,3949.01,0.04,18.65,385.35594,1,2,3.98,1,1,6,0.26
Cingulata,Dasypodidae,dasypus novemcinctus,LC,1,28,74,599,8.90034,-69.403086,Venezuela,0.107047782,0.155968618,3949.01,0.04,18.65,385.35594,1,2,3.98,1,1,6,0.26
Cingulata,Dasypodidae,dasypus novemcinctus,LC,8,3.5,29,365,-30.117957,-53.619222,Brazil,0.034482759,0.05024138,3949.01,0.04,18.65,385.35594,1,2,3.98,1,1,6,0.26
Cingulata,Dasypodidae,dasypus novemcinctus,LC,2.5,11.2,110,365,-11.646886,-61.54987,Brazil,0.072727273,0.105963637,3949.01,0.04,18.65,385.35594,1,2,3.98,1,1,6,0.26
Cingulata,Dasypodidae,dasypus novemcinctus,LC,16,1.75,13,153,2.099348,-77.005253,Colombia,0.367018602,0.474922071,3949.01,0.04,18.65,385.35594,1,2,3.98,1,1,6,0.26
Cingulata,Dasypodidae,dasypus novemcinctus,LC,1,28,280,365,-15.159661,-56.55916,Brazil,0.014285714,0.020814285,3949.01,0.04,18.65,385.35594,1,2,3.98,1,1,6,0.26
Didelphimorphia,Didelphidae,didelphis albiventris,LC,2,14,920,426,-20.490151,-54.80721,Brazil,0.004656563,0.007981349,1030.47,0.00402,1.641666667,315.68,,2,6.9,1.5,4,8,
Didelphimorphia,Didelphidae,didelphis albiventris,LC,3,9.333333333,26,366,-31.639476,-60.633072,Argentina,0.575346784,0.986144388,1030.47,0.00402,1.641666667,315.68,,2,6.9,1.5,4,8,
Didelphimorphia,Didelphidae,didelphis albiventris,LC,2,14,12.8,488,-13.903857,-40.018298,Brazil,0.175300973,0.300465868,1030.47,0.00402,1.641666667,315.68,,2,6.9,1.5,4,8,
Didelphimorphia,Didelphidae,didelphis albiventris,LC,56,0.5,34,1461,-25.753,-54.54,Argentina,5.077404679,5.077404679,1030.47,0.00402,1.641666667,315.68,,2,6.9,1.5,4,8,
Didelphimorphia,Didelphidae,didelphis albiventris,LC,4,7,90,610,-25.54553,-48.78396,Brazil,0.053187614,0.09116357,1030.47,0.00402,1.641666667,315.68,,2,6.9,1.5,4,8,
Didelphimorphia,Didelphidae,didelphis albiventris,LC,9.3,3.010752688,136,547,-14.157535,-47.59415,Brazil,0.009812883,0.016819281,1030.47,0.00402,1.641666667,315.68,,2,6.9,1.5,4,8,
Didelphimorphia,Didelphidae,didelphis albiventris,LC,4,7,100,365,-13.561588,-58.421854,Brazil,0.01,0.01714,1030.47,0.00402,1.641666667,315.68,,2,6.9,1.5,4,8,
Didelphimorphia,Didelphidae,didelphis albiventris,LC,4,7,96,365,-19.36333333,-48.07916667,Brazil,0.072916667,0.124979167,1030.47,0.00402,1.641666667,315.68,,2,6.9,1.5,4,8,
Didelphimorphia,Didelphidae,didelphis albiventris,LC,4,7,192,365,-19.278735,-48.122972,Brazil,0.036458333,0.062489583,1030.47,0.00402,1.641666667,315.68,,2,6.9,1.5,4,8,
Didelphimorphia,Didelphidae,didelphis albiventris,LC,1,28,195,373,-29.660601,-49.980385,Brazil,1.204372035,2.064293668,1030.47,0.00402,1.641666667,315.68,,2,6.9,1.5,4,8,
Didelphimorphia,Didelphidae,didelphis albiventris,LC,4,7,45,366,-30.347781,-53.998679,Brazil,0.443230115,0.759696417,1030.47,0.00402,1.641666667,315.68,,2,6.9,1.5,4,8,
Didelphimorphia,Didelphidae,didelphis albiventris,LC,8,3.5,55,366,-18.232298,-50.431983,Brazil,0.018132141,0.03107849,1030.47,0.00402,1.641666667,315.68,,2,6.9,1.5,4,8,
Didelphimorphia,Didelphidae,didelphis albiventris,LC,4,7,63,242,-26.581324,-48.722133,Brazil,0.023940706,0.04103437,1030.47,0.00402,1.641666667,315.68,,2,6.9,1.5,4,8,
Didelphimorphia,Didelphidae,didelphis albiventris,LC,2.7,10.37037037,117,365,-32.24,-52.48583333,Brazil,0.598290598,1.025470085,1030.47,0.00402,1.641666667,315.68,,2,6.9,1.5,4,8,
Didelphimorphia,Didelphidae,didelphis albiventris,LC,3.5,8,137,365,-32.24,-52.48583333,Brazil,0.897810219,1.538846715,1030.47,0.00402,1.641666667,315.68,,2,6.9,1.5,4,8,
Didelphimorphia,Didelphidae,didelphis albiventris,LC,1.69,16.56804734,255,396,-24.739094,-65.028936,Argentina,0.032531194,0.055758467,1030.47,0.00402,1.641666667,315.68,,2,6.9,1.5,4,8,
Didelphimorphia,Didelphidae,didelphis albiventris,LC,1,28,67,304,-28.983732,-53.646553,Brazil,0.071681068,0.122861351,1030.47,0.00402,1.641666667,315.68,,2,6.9,1.5,4,8,
Didelphimorphia,Didelphidae,didelphis albiventris,LC,3,9.333333333,197,183,-16.598535,-50.195063,Brazil,0.030373637,0.052060414,1030.47,0.00402,1.641666667,315.68,,2,6.9,1.5,4,8,
Didelphimorphia,Didelphidae,didelphis albiventris,LC,4,7,70,214,-20.187971,-54.806624,Brazil,0.048731642,0.083526034,1030.47,0.00402,1.641666667,315.68,,2,6.9,1.5,4,8,
Didelphimorphia,Didelphidae,didelphis albiventris,LC,1,28,215,457,-20.387782,-56.100565,Brazil,0.007429647,0.012734415,1030.47,0.00402,1.641666667,315.68,,2,6.9,1.5,4,8,
Didelphimorphia,Didelphidae,didelphis albiventris,LC,14,2,34,243,-10.21618,-75.585138,Peru,0.044178165,0.067460058,1030.47,0.00402,1.641666667,315.68,,2,6.9,1.5,4,8,
Didelphimorphia,Didelphidae,didelphis albiventris,LC,4,7,137,365,-32.076796,-52.270823,Brazil,0.554744526,0.950832118,1030.47,0.00402,1.641666667,315.68,,2,6.9,1.5,4,8,
Didelphimorphia,Didelphidae,didelphis albiventris,LC,6,4.666666667,26,761,-28.170158,-52.314813,Brazil,0.073789548,0.126475285,1030.47,0.00402,1.641666667,315.68,,2,6.9,1.5,4,8,
Didelphimorphia,Didelphidae,didelphis albiventris,LC,2,14,12,305,-29.878831,-50.16805,Brazil,1.396174863,2.393043715,1030.47,0.00402,1.641666667,315.68,,2,6.9,1.5,4,8,
Didelphimorphia,Didelphidae,didelphis albiventris,LC,1.67,16.76646707,70,344,-25.755959,-57.729048,Paraguay,0.015157807,0.025980481,1030.47,0.00402,1.641666667,315.68,,2,6.9,1.5,4,8,
Didelphimorphia,Didelphidae,didelphis albiventris,LC,1.83,15.30054645,63,365,-15.79053,-56.654475,Brazil,0.079365079,0.136031745,1030.47,0.00402,1.641666667,315.68,,2,6.9,1.5,4,8,
Didelphimorphia,Didelphidae,didelphis albiventris,LC,1,28,802,396,-17.859419,-51.730303,Brazil,0.005746366,0.009849271,1030.47,0.00402,1.641666667,315.68,,2,6.9,1.5,4,8,
Didelphimorphia,Didelphidae,didelphis albiventris,LC,1,28,180,334,-7.063913,-36.564084,Brazil,0.024284764,0.041624085,1030.47,0.00402,1.641666667,315.68,,2,6.9,1.5,4,8,
Didelphimorphia,Didelphidae,didelphis albiventris,LC,40,0.7,12,488,-22.246302,-47.839529,Brazil,0.062329235,0.062329235,1030.47,0.00402,1.641666667,315.68,,2,6.9,1.5,4,8,
Didelphimorphia,Didelphidae,didelphis albiventris,LC,16,1.75,130,304,-20.675583,-43.349806,Brazil,0.01847166,0.028206225,1030.47,0.00402,1.641666667,315.68,,2,6.9,1.5,4,8,
Didelphimorphia,Didelphidae,didelphis albiventris,LC,8,3.5,29,365,-30.117957,-53.619222,Brazil,0.965517241,1.654896551,1030.47,0.00402,1.641666667,315.68,,2,6.9,1.5,4,8,
Didelphimorphia,Didelphidae,didelphis albiventris,LC,1,28,280,365,-15.159661,-56.55916,Brazil,0.067857143,0.116307143,1030.47,0.00402,1.641666667,315.68,,2,6.9,1.5,4,8,
Didelphimorphia,Didelphidae,didelphis albiventris,LC,4,7,115,365,-11.904988,-48.737133,Brazil,0.008695652,0.014904348,1030.47,0.00402,1.641666667,315.68,,2,6.9,1.5,4,8,
Didelphimorphia,Didelphidae,didelphis aurita,LC,28,1,180.4,1126,-22.307184,-43.130266,Brazil,0.064687511,0.077366263,1149.875,0.015,4,178,,2,6.155,2,4,6,40
Didelphimorphia,Didelphidae,didelphis aurita,LC,1,28,195,373,-29.660601,-49.980385,Brazil,0.005018217,0.007311542,1149.875,0.015,4,178,,2,6.155,2,4,6,40
Didelphimorphia,Didelphidae,didelphis aurita,LC,4,7,63,242,-26.581324,-48.722133,Brazil,0.119703529,0.174408042,1149.875,0.015,4,178,,2,6.155,2,4,6,40
Didelphimorphia,Didelphidae,didelphis aurita,LC,672,0.041666667,57.5,1765,-20.580677,-40.417217,Brazil,0.269737652,0.269737652,1149.875,0.015,4,178,,2,6.155,2,4,6,40
Didelphimorphia,Didelphidae,didelphis aurita,LC,12,2.333333333,59.6,730,-19.72597,-40.644482,Brazil,0.184563758,0.238825503,1149.875,0.015,4,178,,2,6.155,2,4,6,40
Didelphimorphia,Didelphidae,didelphis aurita,LC,8,3.5,28,245,-19.936923,-40.482438,Brazil,0.478862974,0.697703353,1149.875,0.015,4,178,,2,6.155,2,4,6,40
Didelphimorphia,Didelphidae,didelphis aurita,LC,8,3.5,130,426,-7.167969,-35.367968,Brazil,0.052726616,0.07682268,1149.875,0.015,4,178,,2,6.155,2,4,6,40
Didelphimorphia,Didelphidae,didelphis marsupialis,LC,3.6,7.777777778,80.27,151,11.019911,-74.213309,Colombia,0.75283996,1.096887822,1134.75,0.17,4,178,1,2,6.645,2,4,6,120
Didelphimorphia,Didelphidae,didelphis marsupialis,LC,2,14,94.9,365,10.020301,-83.215233,Costa_Rica,0.885142255,1.289652266,1134.75,0.17,4,178,1,2,6.645,2,4,6,120
Didelphimorphia,Didelphidae,didelphis marsupialis,LC,4,7,90,610,-25.54553,-48.78396,Brazil,0.026593807,0.038747177,1134.75,0.17,4,178,1,2,6.645,2,4,6,120
Didelphimorphia,Didelphidae,didelphis marsupialis,LC,2,14,71,335,10.468506,-84.657612,Costa_Rica,0.491065798,0.715482868,1134.75,0.17,4,178,1,2,6.645,2,4,6,120
Didelphimorphia,Didelphidae,didelphis marsupialis,LC,16,1.75,92,153,2.240471,-76.770907,Colombia,5.782537653,7.482603723,1134.75,0.17,4,178,1,2,6.645,2,4,6,120
Didelphimorphia,Didelphidae,didelphis marsupialis,LC,8,3.5,38.92,92,9.245341,-79.64701,Panama,0.203874168,0.297044663,1134.75,0.17,4,178,1,2,6.645,2,4,6,120
Didelphimorphia,Didelphidae,didelphis marsupialis,LC,4,7,216,538,-16.575593,-50.261,Brazil,0.059677475,0.086950081,1134.75,0.17,4,178,1,2,6.645,2,4,6,120
Didelphimorphia,Didelphidae,didelphis marsupialis,LC,8,3.5,27.2,182,9.489191,-75.514281,Colombia,1.917016807,2.793093488,1134.75,0.17,4,178,1,2,6.645,2,4,6,120
Didelphimorphia,Didelphidae,didelphis marsupialis,LC,24,1.166666667,99.3,183,9.508766,-75.236148,Colombia,0.883782103,1.057003395,1134.75,0.17,4,178,1,2,6.645,2,4,6,120
Didelphimorphia,Didelphidae,didelphis marsupialis,LC,8,3.5,51,426,-2.47187,-79.621231,Ecuador,1.512013256,2.203003314,1134.75,0.17,4,178,1,2,6.645,2,4,6,120
Didelphimorphia,Didelphidae,didelphis marsupialis,LC,56,0.5,1.2,67,16.576,-94.822,Mexico,40.85820896,40.85820896,1134.75,0.17,4,178,1,2,6.645,2,4,6,120
Didelphimorphia,Didelphidae,didelphis marsupialis,LC,8,3.5,25,1310,-6.115415,-49.990498,Brazil,0.323206107,0.470911298,1134.75,0.17,4,178,1,2,6.645,2,4,6,120
Didelphimorphia,Didelphidae,didelphis marsupialis,LC,2,14,75,245,7.082591,-73.718817,Colombia,0.695238095,1.012961904,1134.75,0.17,4,178,1,2,6.645,2,4,6,120
Didelphimorphia,Didelphidae,didelphis marsupialis,LC,8,3.5,49,182,9.821408,-75.442693,Colombia,1.800852209,2.623841669,1134.75,0.17,4,178,1,2,6.645,2,4,6,120
Didelphimorphia,Didelphidae,didelphis marsupialis,LC,10,2.8,8,730,18.436503,-95.089337,Mexico,4.5625,5.903875,1134.75,0.17,4,178,1,2,6.645,2,4,6,120
Didelphimorphia,Didelphidae,didelphis marsupialis,LC,4.63,7.22,107,762,-2.323301,-60.044455,Brazil,0.577489146,0.841401686,1134.75,0.17,4,178,1,2,6.645,2,4,6,120
Didelphimorphia,Didelphidae,didelphis marsupialis,LC,8,3.5,178.8,91,9.017987,-73.633823,Colombia,1.031909925,1.503492761,1134.75,0.17,4,178,1,2,6.645,2,4,6,120
Didelphimorphia,Didelphidae,didelphis marsupialis,LC,12,2.333333333,36,730,-1.005806,-46.774428,Brazil,0.013888889,0.017972222,1134.75,0.17,4,178,1,2,6.645,2,4,6,120
Didelphimorphia,Didelphidae,didelphis marsupialis,LC,10,2.8,11,245,-7.691903,-72.639592,Brazil,1.083487941,1.402033396,1134.75,0.17,4,178,1,2,6.645,2,4,6,120
Didelphimorphia,Didelphidae,didelphis marsupialis,LC,1,28,572,153,9.587135,-67.303008,Venezuela,0.066730655,0.097226564,1134.75,0.17,4,178,1,2,6.645,2,4,6,120
Didelphimorphia,Didelphidae,didelphis marsupialis,LC,4,7,3.24,151,15.952901,-90.671059,Guatemala,7.460551059,10.87002289,1134.75,0.17,4,178,1,2,6.645,2,4,6,120
Didelphimorphia,Didelphidae,didelphis marsupialis,LC,16,1.75,130,304,-20.675583,-43.349806,Brazil,0.785045547,1.015848938,1134.75,0.17,4,178,1,2,6.645,2,4,6,120
Didelphimorphia,Didelphidae,didelphis marsupialis,LC,1,28,74,599,8.90034,-69.403086,Venezuela,0.321143347,0.467905857,1134.75,0.17,4,178,1,2,6.645,2,4,6,120
Didelphimorphia,Didelphidae,didelphis marsupialis,LC,2.5,11.2,110,365,-11.646886,-61.54987,Brazil,0.109090909,0.158945454,1134.75,0.17,4,178,1,2,6.645,2,4,6,120
Didelphimorphia,Didelphidae,didelphis marsupialis,LC,16,1.75,13,153,2.099348,-77.005253,Colombia,10.82704877,14.01020111,1134.75,0.17,4,178,1,2,6.645,2,4,6,120
Didelphimorphia,Didelphidae,didelphis marsupialis,LC,1,28,280,365,-15.159661,-56.55916,Brazil,0.010714286,0.015610715,1134.75,0.17,4,178,1,2,6.645,2,4,6,120
Didelphimorphia,Didelphidae,didelphis marsupialis,LC,8,3.5,2.4,181,3.888333,-76.401389,Colombia,3.360957643,4.896915286,1134.75,0.17,4,178,1,2,6.645,2,4,6,120
Didelphimorphia,Didelphidae,didelphis marsupialis,LC,8,3.5,91.5,181,-4.926667,-80.344444,Peru,1.432539323,2.087209794,1134.75,0.17,4,178,1,2,6.645,2,4,6,120
Didelphimorphia,Didelphidae,didelphis virginiana,LC,2.83,9.893992933,112,365,19.535661,-97.381011,Mexico,0.017857143,0.026017857,2195.48,0.58,4.179166667,184,1,2,7.6325,2,4,6,6.15
Didelphimorphia,Didelphidae,didelphis virginiana,LC,10,2.8,8,730,18.436503,-95.089337,Mexico,0.125,0.16175,2195.48,0.58,4.179166667,184,1,2,7.6325,2,4,6,6.15
Rodentia,Caviidae,dolichotis patagonum,NT,2,14,320,1,-30.900048,-64.072794,Argentina,1.140625,1.661890625,8000,0.69,14.15416667,158,2,1,1.8125,3.5,1,6,
Carnivora,Mustelidae,eira barbara,LC,2,14,94.9,365,10.020301,-83.215233,Costa_Rica,0.010537408,0.015353003,4134.99,11.4,18,700,1.5,2,2.07,1,2,3,0.425
Carnivora,Mustelidae,eira barbara,LC,56,0.5,34,1461,-25.753,-54.54,Argentina,0.080826992,0.080826992,4134.99,11.4,18,700,1.5,2,2.07,1,2,3,0.425
Carnivora,Mustelidae,eira barbara,LC,4,7,100,365,-13.561588,-58.421854,Brazil,0.01,0.01457,4134.99,11.4,18,700,1.5,2,2.07,1,2,3,0.425
Carnivora,Mustelidae,eira barbara,LC,2,14,250,2587,-20.552911,-55.549228,Brazil,0.001128721,0.001644546,4134.99,11.4,18,700,1.5,2,2.07,1,2,3,0.425
Carnivora,Mustelidae,eira barbara,LC,1.69,16.56804734,255,396,-24.739094,-65.028936,Argentina,0.007229154,0.010532877,4134.99,11.4,18,700,1.5,2,2.07,1,2,3,0.425
Carnivora,Mustelidae,eira barbara,LC,1,28,215,457,-20.387782,-56.100565,Brazil,0.003714824,0.005412499,4134.99,11.4,18,700,1.5,2,2.07,1,2,3,0.425
Carnivora,Mustelidae,eira barbara,LC,672,0.041666667,57.5,1765,-20.580677,-40.417217,Brazil,0.007193004,0.007193004,4134.99,11.4,18,700,1.5,2,2.07,1,2,3,0.425
Carnivora,Mustelidae,eira barbara,LC,8,3.5,25,1310,-6.115415,-49.990498,Brazil,0.011145038,0.01623832,4134.99,11.4,18,700,1.5,2,2.07,1,2,3,0.425
Carnivora,Mustelidae,eira barbara,LC,12,2.333333333,59.6,730,-19.72597,-40.644482,Brazil,0.025167785,0.032567114,4134.99,11.4,18,700,1.5,2,2.07,1,2,3,0.425
Carnivora,Mustelidae,eira barbara,LC,1,28,802,396,-17.859419,-51.730303,Brazil,0.002298547,0.003348983,4134.99,11.4,18,700,1.5,2,2.07,1,2,3,0.425
Carnivora,Mustelidae,eira barbara,LC,12,2.333333333,36,730,-1.005806,-46.774428,Brazil,0.013888889,0.017972222,4134.99,11.4,18,700,1.5,2,2.07,1,2,3,0.425
Carnivora,Mustelidae,eira barbara,LC,1,28,280,365,-15.159661,-56.55916,Brazil,0.003571429,0.005203572,4134.99,11.4,18,700,1.5,2,2.07,1,2,3,0.425
Carnivora,Mustelidae,eira barbara,LC,672,0.041666667,366,1461,-24.866723,-50.445759,Brazil,0.000682593,0.000682593,4134.99,11.4,18,700,1.5,2,2.07,1,2,3,0.425
Carnivora,Mustelidae,eira barbara,LC,4,7,115,365,-11.904988,-48.737133,Brazil,0.008695652,0.012669565,4134.99,11.4,18,700,1.5,2,2.07,1,2,3,0.425
Carnivora,Felidae,herpailurus yagouaroundi,LC,56,0.5,34,1461,-25.753,-54.54,Argentina,0.132262351,0.132262351,6875,52.35,16.775,803.5104,1.5,1,2.42,2,3,8,
Carnivora,Felidae,herpailurus yagouaroundi,LC,28,1,180.4,1126,-22.307184,-43.130266,Brazil,0.001796875,0.002149063,6875,52.35,16.775,803.5104,1.5,1,2.42,2,3,8,
Carnivora,Felidae,herpailurus yagouaroundi,LC,4,7,45,366,-30.347781,-53.998679,Brazil,0.022161506,0.032289314,6875,52.35,16.775,803.5104,1.5,1,2.42,2,3,8,
Carnivora,Felidae,herpailurus yagouaroundi,LC,4,7,216,538,-16.575593,-50.261,Brazil,0.012563679,0.01830528,6875,52.35,16.775,803.5104,1.5,1,2.42,2,3,8,
Carnivora,Felidae,herpailurus yagouaroundi,LC,24,1.166666667,99.3,183,9.508766,-75.236148,Colombia,0.020085957,0.024022805,6875,52.35,16.775,803.5104,1.5,1,2.42,2,3,8,
Carnivora,Felidae,herpailurus yagouaroundi,LC,672,0.041666667,57.5,1765,-20.580677,-40.417217,Brazil,0.007193004,0.007193004,6875,52.35,16.775,803.5104,1.5,1,2.42,2,3,8,
Carnivora,Felidae,herpailurus yagouaroundi,LC,6,4.666666667,26,761,-28.170158,-52.314813,Brazil,0.018447387,0.026877843,6875,52.35,16.775,803.5104,1.5,1,2.42,2,3,8,
Carnivora,Felidae,herpailurus yagouaroundi,LC,12,2.333333333,59.6,730,-19.72597,-40.644482,Brazil,0.008389262,0.010855705,6875,52.35,16.775,803.5104,1.5,1,2.42,2,3,8,
Carnivora,Felidae,herpailurus yagouaroundi,LC,12,2.333333333,99,184,-0.461755,-77.904245,Ecuador,0.04007466,0.05185661,6875,52.35,16.775,803.5104,1.5,1,2.42,2,3,8,
Carnivora,Felidae,herpailurus yagouaroundi,LC,1.83,15.30054645,63,365,-15.79053,-56.654475,Brazil,0.015873016,0.023126984,6875,52.35,16.775,803.5104,1.5,1,2.42,2,3,8,
Carnivora,Felidae,herpailurus yagouaroundi,LC,1,28,802,396,-17.859419,-51.730303,Brazil,0.001149273,0.001674491,6875,52.35,16.775,803.5104,1.5,1,2.42,2,3,8,
Carnivora,Felidae,herpailurus yagouaroundi,LC,8,3.5,178.8,91,9.017987,-73.633823,Colombia,0.044865649,0.065369251,6875,52.35,16.775,803.5104,1.5,1,2.42,2,3,8,
Carnivora,Felidae,herpailurus yagouaroundi,LC,1,28,180,334,-7.063913,-36.564084,Brazil,0.006071191,0.008845725,6875,52.35,16.775,803.5104,1.5,1,2.42,2,3,8,
Carnivora,Felidae,herpailurus yagouaroundi,LC,1,28,280,365,-15.159661,-56.55916,Brazil,0.032142857,0.046832143,6875,52.35,16.775,803.5104,1.5,1,2.42,2,3,8,
Carnivora,Felidae,herpailurus yagouaroundi,LC,4,7,115,365,-11.904988,-48.737133,Brazil,0.008695652,0.012669565,6875,52.35,16.775,803.5104,1.5,1,2.42,2,3,8,
Rodentia,Caviidae,hydrochoerus hydrochaeris,LC,2,14,920,426,-20.490151,-54.80721,Brazil,0.098719126,0.143833767,48144.91,0.07,12,566.36,10,1,3.49,1,2,9,6.48
Rodentia,Caviidae,hydrochoerus hydrochaeris,LC,56,0.5,34,1461,-25.753,-54.54,Argentina,0.007347908,0.007347908,48144.91,0.07,12,566.36,10,1,3.49,1,2,9,6.48
Rodentia,Caviidae,hydrochoerus hydrochaeris,LC,4,7,90,610,-25.54553,-48.78396,Brazil,0.03989071,0.058120764,48144.91,0.07,12,566.36,10,1,3.49,1,2,9,6.48
Rodentia,Caviidae,hydrochoerus hydrochaeris,LC,4,7,100,365,-13.561588,-58.421854,Brazil,0.08,0.11656,48144.91,0.07,12,566.36,10,1,3.49,1,2,9,6.48
Rodentia,Caviidae,hydrochoerus hydrochaeris,LC,28,1,180.4,1126,-22.307184,-43.130266,Brazil,0.053906259,0.064471886,48144.91,0.07,12,566.36,10,1,3.49,1,2,9,6.48
Rodentia,Caviidae,hydrochoerus hydrochaeris,LC,2,14,250,2587,-20.552911,-55.549228,Brazil,0.006772323,0.009867275,48144.91,0.07,12,566.36,10,1,3.49,1,2,9,6.48
Rodentia,Caviidae,hydrochoerus hydrochaeris,LC,4,7,96,365,-19.36333333,-48.07916667,Brazil,0.135416667,0.197302084,48144.91,0.07,12,566.36,10,1,3.49,1,2,9,6.48
Rodentia,Caviidae,hydrochoerus hydrochaeris,LC,4,7,192,365,-19.278735,-48.122972,Brazil,0.067708333,0.098651041,48144.91,0.07,12,566.36,10,1,3.49,1,2,9,6.48
Rodentia,Caviidae,hydrochoerus hydrochaeris,LC,4,7,45,366,-30.347781,-53.998679,Brazil,0.044323012,0.064578628,48144.91,0.07,12,566.36,10,1,3.49,1,2,9,6.48
Rodentia,Caviidae,hydrochoerus hydrochaeris,LC,8,3.5,55,366,-18.232298,-50.431983,Brazil,0.018132141,0.026418529,48144.91,0.07,12,566.36,10,1,3.49,1,2,9,6.48
Rodentia,Caviidae,hydrochoerus hydrochaeris,LC,4,7,63,242,-26.581324,-48.722133,Brazil,0.023940706,0.034881609,48144.91,0.07,12,566.36,10,1,3.49,1,2,9,6.48
Rodentia,Caviidae,hydrochoerus hydrochaeris,LC,3.5,8,137,365,-32.24,-52.48583333,Brazil,0.394160584,0.574291971,48144.91,0.07,12,566.36,10,1,3.49,1,2,9,6.48
Rodentia,Caviidae,hydrochoerus hydrochaeris,LC,2.7,10.37037037,117,365,-32.24,-52.48583333,Brazil,0.735042735,1.070957265,48144.91,0.07,12,566.36,10,1,3.49,1,2,9,6.48
Rodentia,Caviidae,hydrochoerus hydrochaeris,LC,4,7,70,214,-20.187971,-54.806624,Brazil,0.024365821,0.035501001,48144.91,0.07,12,566.36,10,1,3.49,1,2,9,6.48
Rodentia,Caviidae,hydrochoerus hydrochaeris,LC,1,28,215,457,-20.387782,-56.100565,Brazil,0.330619307,0.48171233,48144.91,0.07,12,566.36,10,1,3.49,1,2,9,6.48
Rodentia,Caviidae,hydrochoerus hydrochaeris,LC,672,0.041666667,57.5,1765,-20.580677,-40.417217,Brazil,0.003596502,0.003596502,48144.91,0.07,12,566.36,10,1,3.49,1,2,9,6.48
Rodentia,Caviidae,hydrochoerus hydrochaeris,LC,20,1.4,36,183,-10.675567,-62.208069,Brazil,0.166211293,0.198788706,48144.91,0.07,12,566.36,10,1,3.49,1,2,9,6.48
Rodentia,Caviidae,hydrochoerus hydrochaeris,LC,1,28,802,396,-17.859419,-51.730303,Brazil,0.021836192,0.031815332,48144.91,0.07,12,566.36,10,1,3.49,1,2,9,6.48
Rodentia,Caviidae,hydrochoerus hydrochaeris,LC,672,0.041666667,412,303,-26.07434,-49.744804,Brazil,0.017543016,0.017543016,48144.91,0.07,12,566.36,10,1,3.49,1,2,9,6.48
Rodentia,Caviidae,hydrochoerus hydrochaeris,LC,1,28,572,153,9.587135,-67.303008,Venezuela,0.012511998,0.018229981,48144.91,0.07,12,566.36,10,1,3.49,1,2,9,6.48
Rodentia,Caviidae,hydrochoerus hydrochaeris,LC,1,28,280,365,-15.159661,-56.55916,Brazil,0.021428571,0.031221428,48144.91,0.07,12,566.36,10,1,3.49,1,2,9,6.48
Rodentia,Caviidae,hydrochoerus hydrochaeris,LC,672,0.041666667,366,1461,-24.866723,-50.445759,Brazil,0.055972592,0.055972592,48144.91,0.07,12,566.36,10,1,3.49,1,2,9,6.48
Rodentia,Caviidae,kerodon rupestris,LC,1,28,180,334,-7.063913,-36.564084,Brazil,0.018213573,0.031218064,800,0.0038,11,94.96032,,1,1.52,5,1,4,
Cetartiodactyla,Camelidae,lama guanicoe,LC,2,14,320,1,-30.900048,-64.072794,Argentina,1.140625,1.661890625,120000,9,28.66666667,676.66,9,1,1,0.685,1,6,0.67
Carnivora,Felidae,leopardus geoffroyi,LC,3,9.333333333,26,366,-31.639476,-60.633072,Argentina,0.153425809,0.223541404,4000,5.56,23,479,,2,2.02,1.315,3,8,
Carnivora,Felidae,leopardus geoffroyi,LC,2,14,320,1,-30.900048,-64.072794,Argentina,1.140625,1.661890625,4000,5.56,23,479,,2,2.02,1.315,3,8,
Carnivora,Felidae,leopardus geoffroyi,LC,4,7,45,366,-30.347781,-53.998679,Brazil,0.044323012,0.064578628,4000,5.56,23,479,,2,2.02,1.315,3,8,
Carnivora,Felidae,leopardus geoffroyi,LC,1.69,16.56804734,255,396,-24.739094,-65.028936,Argentina,0.065062389,0.094795901,4000,5.56,23,479,,2,2.02,1.315,3,8,
Carnivora,Felidae,leopardus geoffroyi,LC,8,3.5,29,365,-30.117957,-53.619222,Brazil,0.068965517,0.100482758,4000,5.56,23,479,,2,2.02,1.315,3,8,
Carnivora,Felidae,leopardus pardalis,LC,2,14,920,426,-20.490151,-54.80721,Brazil,0.006519188,0.009498457,11880,5.08,24.76666667,663.5048,1,2,1.66,1,3,8,0.102
Carnivora,Felidae,leopardus pardalis,LC,56,0.5,34,1461,-25.753,-54.54,Argentina,0.058783267,0.058783267,11880,5.08,24.76666667,663.5048,1,2,1.66,1,3,8,0.102
Carnivora,Felidae,leopardus pardalis,LC,4,7,90,610,-25.54553,-48.78396,Brazil,0.006648452,0.009686795,11880,5.08,24.76666667,663.5048,1,2,1.66,1,3,8,0.102
Carnivora,Felidae,leopardus pardalis,LC,9.3,3.010752688,136,547,-14.157535,-47.59415,Brazil,0.009812883,0.014297371,11880,5.08,24.76666667,663.5048,1,2,1.66,1,3,8,0.102
Carnivora,Felidae,leopardus pardalis,LC,4,7,100,365,-13.561588,-58.421854,Brazil,0.01,0.01457,11880,5.08,24.76666667,663.5048,1,2,1.66,1,3,8,0.102
Carnivora,Felidae,leopardus pardalis,LC,28,1,180.4,1126,-22.307184,-43.130266,Brazil,0.003593751,0.004298126,11880,5.08,24.76666667,663.5048,1,2,1.66,1,3,8,0.102
Carnivora,Felidae,leopardus pardalis,LC,2,14,250,2587,-20.552911,-55.549228,Brazil,0.00056436,0.000822273,11880,5.08,24.76666667,663.5048,1,2,1.66,1,3,8,0.102
Carnivora,Felidae,leopardus pardalis,LC,4,7,96,365,-19.36333333,-48.07916667,Brazil,0.010416667,0.015177084,11880,5.08,24.76666667,663.5048,1,2,1.66,1,3,8,0.102
Carnivora,Felidae,leopardus pardalis,LC,4,7,192,365,-19.278735,-48.122972,Brazil,0.005208333,0.007588541,11880,5.08,24.76666667,663.5048,1,2,1.66,1,3,8,0.102
Carnivora,Felidae,leopardus pardalis,LC,1,28,215,457,-20.387782,-56.100565,Brazil,0.014859295,0.021649993,11880,5.08,24.76666667,663.5048,1,2,1.66,1,3,8,0.102
Carnivora,Felidae,leopardus pardalis,LC,1.83,15.30054645,63,365,-15.79053,-56.654475,Brazil,0.031746032,0.046253969,11880,5.08,24.76666667,663.5048,1,2,1.66,1,3,8,0.102
Carnivora,Felidae,leopardus pardalis,LC,2,14,75,245,7.082591,-73.718817,Colombia,0.019863946,0.028941769,11880,5.08,24.76666667,663.5048,1,2,1.66,1,3,8,0.102
Carnivora,Felidae,leopardus pardalis,LC,1,28,802,396,-17.859419,-51.730303,Brazil,0.001149273,0.001674491,11880,5.08,24.76666667,663.5048,1,2,1.66,1,3,8,0.102
Carnivora,Felidae,leopardus pardalis,LC,672,0.041666667,412,303,-26.07434,-49.744804,Brazil,0.01461918,0.01461918,11880,5.08,24.76666667,663.5048,1,2,1.66,1,3,8,0.102
Carnivora,Felidae,leopardus pardalis,LC,40,0.7,12,488,-22.246302,-47.839529,Brazil,0.062329235,0.062329235,11880,5.08,24.76666667,663.5048,1,2,1.66,1,3,8,0.102
Carnivora,Felidae,leopardus pardalis,LC,1,28,280,365,-15.159661,-56.55916,Brazil,0.003571429,0.005203572,11880,5.08,24.76666667,663.5048,1,2,1.66,1,3,8,0.102
Carnivora,Felidae,leopardus pardalis,LC,672,0.041666667,366,1461,-24.866723,-50.445759,Brazil,0.014334444,0.014334444,11880,5.08,24.76666667,663.5048,1,2,1.66,1,3,8,0.102
Carnivora,Felidae,leopardus pardalis,LC,4,7,115,365,-11.904988,-48.737133,Brazil,0.008695652,0.012669565,11880,5.08,24.76666667,663.5048,1,2,1.66,1,3,8,0.102
Carnivora,Felidae,leopardus tigrinus,VU,56,0.5,34,1461,-25.753,-54.54,Argentina,0.022043725,0.022043725,2250,2.9,21.79166667,821.25,1,2,1.5,1.1,1,8,
Carnivora,Felidae,leopardus tigrinus,VU,4,7,90,610,-25.54553,-48.78396,Brazil,0.026593807,0.038747177,2250,2.9,21.79166667,821.25,1,2,1.5,1.1,1,8,
Carnivora,Felidae,leopardus tigrinus,VU,16,1.75,92,153,2.240471,-76.770907,Colombia,0.051861324,0.067108553,2250,2.9,21.79166667,821.25,1,2,1.5,1.1,1,8,
Carnivora,Felidae,leopardus tigrinus,VU,1,28,195,373,-29.660601,-49.980385,Brazil,0.005018217,0.007311542,2250,2.9,21.79166667,821.25,1,2,1.5,1.1,1,8,
Carnivora,Felidae,leopardus tigrinus,VU,6,4.666666667,26,761,-28.170158,-52.314813,Brazil,0.036894774,0.053755686,2250,2.9,21.79166667,821.25,1,2,1.5,1.1,1,8,
Carnivora,Felidae,leopardus tigrinus,VU,12,2.333333333,99,184,-0.461755,-77.904245,Ecuador,0.02003733,0.025928305,2250,2.9,21.79166667,821.25,1,2,1.5,1.1,1,8,
Carnivora,Felidae,leopardus tigrinus,VU,8,3.5,28,245,-19.936923,-40.482438,Brazil,0.053206997,0.077522595,2250,2.9,21.79166667,821.25,1,2,1.5,1.1,1,8,
Carnivora,Felidae,leopardus tigrinus,VU,16,1.75,13,153,2.099348,-77.005253,Colombia,0.183509301,0.237461035,2250,2.9,21.79166667,821.25,1,2,1.5,1.1,1,8,
Carnivora,Felidae,leopardus tigrinus,VU,672,0.041666667,366,1461,-24.866723,-50.445759,Brazil,0.010921481,0.010921481,2250,2.9,21.79166667,821.25,1,2,1.5,1.1,1,8,
Lagomorpha,Leporidae,lepus europaeus,LC,56,0.5,34,1461,-25.753,-54.54,Argentina,0.014695817,0.014695817,3740,0.31,10.65,227.66128,,2,2.29,3.75,1,5,47.48
Lagomorpha,Leporidae,lepus europaeus,LC,4,7,90,610,-25.54553,-48.78396,Brazil,0.079781421,0.11624153,3740,0.31,10.65,227.66128,,2,2.29,3.75,1,5,47.48
Lagomorpha,Leporidae,lepus europaeus,LC,4,7,192,365,-19.278735,-48.122972,Brazil,0.005208333,0.007588541,3740,0.31,10.65,227.66128,,2,2.29,3.75,1,5,47.48
Lagomorpha,Leporidae,lepus europaeus,LC,4,7,45,366,-30.347781,-53.998679,Brazil,0.110807529,0.16144657,3740,0.31,10.65,227.66128,,2,2.29,3.75,1,5,47.48
Lagomorpha,Leporidae,lepus europaeus,LC,1,28,67,304,-28.983732,-53.646553,Brazil,0.035840534,0.052219658,3740,0.31,10.65,227.66128,,2,2.29,3.75,1,5,47.48
Lagomorpha,Leporidae,lepus europaeus,LC,224,0.125,160,790,-22.267404,-48.202888,Brazil,0.063528481,0.063528481,3740,0.31,10.65,227.66128,,2,2.29,3.75,1,5,47.48
Lagomorpha,Leporidae,lepus europaeus,LC,6,4.666666667,26,761,-28.170158,-52.314813,Brazil,0.055342161,0.080633529,3740,0.31,10.65,227.66128,,2,2.29,3.75,1,5,47.48
Lagomorpha,Leporidae,lepus europaeus,LC,2,14,12,305,-29.878831,-50.16805,Brazil,0.099726776,0.145301913,3740,0.31,10.65,227.66128,,2,2.29,3.75,1,5,47.48
Lagomorpha,Leporidae,lepus europaeus,LC,672,0.041666667,412,303,-26.07434,-49.744804,Brazil,0.032162197,0.032162197,3740,0.31,10.65,227.66128,,2,2.29,3.75,1,5,47.48
Lagomorpha,Leporidae,lepus europaeus,LC,40,0.7,12,488,-22.246302,-47.839529,Brazil,0.062329235,0.062329235,3740,0.31,10.65,227.66128,,2,2.29,3.75,1,5,47.48
Didelphimorphia,Didelphidae,lutreolina crassicaudata,LC,4,7,96,365,-19.36333333,-48.07916667,Brazil,0.020833333,0.035708333,537.3,0.00143,2.954166667,182.64,,2,7.855,2,4,5,
Didelphimorphia,Didelphidae,lutreolina crassicaudata,LC,4,7,192,365,-19.278735,-48.122972,Brazil,0.010416667,0.017854167,537.3,0.00143,2.954166667,182.64,,2,7.855,2,4,5,
Didelphimorphia,Didelphidae,lutreolina crassicaudata,LC,1,28,195,373,-29.660601,-49.980385,Brazil,0.045163951,0.077411012,537.3,0.00143,2.954166667,182.64,,2,7.855,2,4,5,
Didelphimorphia,Didelphidae,lutreolina crassicaudata,LC,2,14,12,305,-29.878831,-50.16805,Brazil,0.099726776,0.170931694,537.3,0.00143,2.954166667,182.64,,2,7.855,2,4,5,
Didelphimorphia,Didelphidae,lutreolina crassicaudata,LC,1.67,16.76646707,70,344,-25.755959,-57.729048,Paraguay,0.015157807,0.025980481,537.3,0.00143,2.954166667,182.64,,2,7.855,2,4,5,
Carnivora,Canidae,lycalopex culpaeus,LC,2,14,320,1,-30.900048,-64.072794,Argentina,1.140625,1.661890625,8616.24,5.05,13.07916667,365.232,1,2,4.44,1,4,7,
Carnivora,Canidae,lycalopex gymnocercus,LC,1,28,195,373,-29.660601,-49.980385,Brazil,0.005018217,0.007311542,4542.67,2.68,13.7,304.18,,2,3.09,1.1,4,7,
Carnivora,Canidae,lycalopex gymnocercus,LC,4,7,45,366,-30.347781,-53.998679,Brazil,0.243776563,0.355182452,4542.67,2.68,13.7,304.18,,2,3.09,1.1,4,7,
Carnivora,Canidae,lycalopex gymnocercus,LC,1.69,16.56804734,255,396,-24.739094,-65.028936,Argentina,0.234947514,0.342318528,4542.67,2.68,13.7,304.18,,2,3.09,1.1,4,7,
Carnivora,Canidae,lycalopex gymnocercus,LC,1,28,67,304,-28.983732,-53.646553,Brazil,0.12544187,0.182768805,4542.67,2.68,13.7,304.18,,2,3.09,1.1,4,7,
Carnivora,Canidae,lycalopex gymnocercus,LC,6,4.666666667,26,761,-28.170158,-52.314813,Brazil,0.166026483,0.241900586,4542.67,2.68,13.7,304.18,,2,3.09,1.1,4,7,
Carnivora,Canidae,lycalopex gymnocercus,LC,8,3.5,29,365,-30.117957,-53.619222,Brazil,0.344827586,0.502413793,4542.67,2.68,13.7,304.18,,2,3.09,1.1,4,7,
Carnivora,Canidae,lycalopex vetulus,NT,2,14,920,426,-20.490151,-54.80721,Brazil,0.004656563,0.006784612,4233.47,3.8,12.55833333,276.05452,,1,3.2725,1.625,5,6,
Carnivora,Canidae,lycalopex vetulus,NT,9.3,3.010752688,136,547,-14.157535,-47.59415,Brazil,0.186444779,0.271650043,4233.47,3.8,12.55833333,276.05452,,1,3.2725,1.625,5,6,
Carnivora,Canidae,lycalopex vetulus,NT,4,7,100,365,-13.561588,-58.421854,Brazil,0.06,0.08742,4233.47,3.8,12.55833333,276.05452,,1,3.2725,1.625,5,6,
Carnivora,Canidae,lycalopex vetulus,NT,2,14,250,2587,-20.552911,-55.549228,Brazil,0.00056436,0.000822273,4233.47,3.8,12.55833333,276.05452,,1,3.2725,1.625,5,6,
Carnivora,Canidae,lycalopex vetulus,NT,4,7,96,365,-19.36333333,-48.07916667,Brazil,0.083333333,0.121416666,4233.47,3.8,12.55833333,276.05452,,1,3.2725,1.625,5,6,
Carnivora,Canidae,lycalopex vetulus,NT,4,7,192,365,-19.278735,-48.122972,Brazil,0.041666667,0.060708334,4233.47,3.8,12.55833333,276.05452,,1,3.2725,1.625,5,6,
Carnivora,Canidae,lycalopex vetulus,NT,4,7,216,538,-16.575593,-50.261,Brazil,0.012563679,0.01830528,4233.47,3.8,12.55833333,276.05452,,1,3.2725,1.625,5,6,
Carnivora,Canidae,lycalopex vetulus,NT,3,9.333333333,197,183,-16.598535,-50.195063,Brazil,0.111370004,0.162266096,4233.47,3.8,12.55833333,276.05452,,1,3.2725,1.625,5,6,
Carnivora,Canidae,lycalopex vetulus,NT,4,7,70,214,-20.187971,-54.806624,Brazil,0.048731642,0.071002002,4233.47,3.8,12.55833333,276.05452,,1,3.2725,1.625,5,6,
Carnivora,Canidae,lycalopex vetulus,NT,1.83,15.30054645,63,365,-15.79053,-56.654475,Brazil,0.015873016,0.023126984,4233.47,3.8,12.55833333,276.05452,,1,3.2725,1.625,5,6,
Carnivora,Canidae,lycalopex vetulus,NT,1,28,802,396,-17.859419,-51.730303,Brazil,0.014940553,0.021768386,4233.47,3.8,12.55833333,276.05452,,1,3.2725,1.625,5,6,
Carnivora,Canidae,lycalopex vetulus,NT,1,28,280,365,-15.159661,-56.55916,Brazil,0.046428571,0.067646428,4233.47,3.8,12.55833333,276.05452,,1,3.2725,1.625,5,6,
Carnivora,Canidae,lycalopex vetulus,NT,4,7,115,365,-11.904988,-48.737133,Brazil,0.008695652,0.012669565,4233.47,3.8,12.55833333,276.05452,,1,3.2725,1.625,5,6,
Cetartiodactyla,Cervidae,mazama americana,DD,56,0.5,34,1461,-25.753,-54.54,Argentina,0.066131175,0.066131175,22799.75,0.6095,13.81666667,380.116,1,2,1.22,1,2,5,0.24
Cetartiodactyla,Cervidae,mazama americana,DD,4,7,115,365,-11.904988,-48.737133,Brazil,0.008695652,0.012669565,22799.75,0.6095,13.81666667,380.116,1,2,1.22,1,2,5,0.24
Cetartiodactyla,Cervidae,mazama gouazoubira,LC,9.3,3.010752688,136,547,-14.157535,-47.59415,Brazil,0.004906442,0.007148686,16633.17,0.764,13.4,623.938,1,2,1,1,3,5,3.16
Cetartiodactyla,Cervidae,mazama gouazoubira,LC,4,7,45,366,-30.347781,-53.998679,Brazil,0.044323012,0.064578628,16633.17,0.764,13.4,623.938,1,2,1,1,3,5,3.16
Cetartiodactyla,Cervidae,mazama gouazoubira,LC,1,28,802,396,-17.859419,-51.730303,Brazil,0.001149273,0.001674491,16633.17,0.764,13.4,623.938,1,2,1,1,3,5,3.16
Cetartiodactyla,Cervidae,mazama gouazoubira,LC,40,0.7,12,488,-22.246302,-47.839529,Brazil,0.062329235,0.062329235,16633.17,0.764,13.4,623.938,1,2,1,1,3,5,3.16
Cetartiodactyla,Cervidae,mazama gouazoubira,LC,8,3.5,29,365,-30.117957,-53.619222,Brazil,0.034482759,0.05024138,16633.17,0.764,13.4,623.938,1,2,1,1,3,5,3.16
Cetartiodactyla,Cervidae,mazama gouazoubira,LC,1,28,280,365,-15.159661,-56.55916,Brazil,0.007142857,0.010407143,16633.17,0.764,13.4,623.938,1,2,1,1,3,5,3.16
Didelphimorphia,Didelphidae,mico melanurus,LC,1,28,280,365,-15.159661,-56.55916,Brazil,0.010714286,0.018364286,357.25,0.17,16.5,502.76,9.5,1,1.87,2.31,3,1,7.36
Rodentia,Muridae,mus musculus,LC,56,0.5,12,140,-21.98528,-47.871842,Brazil,0.217261905,0.217261905,19.3,0.000516,5,53.355,,2,5.805,4.57,3,9,4000
Carnivora,Mustelidae,mustela frenata,LC,16,1.75,92,153,2.240471,-76.770907,Colombia,0.077791986,0.136836103,170.315,0.21,7.4,162.22388,1,2,6.36,1,1,7,
Carnivora,Mustelidae,mustela frenata,LC,2.83,9.893992933,112,365,19.535661,-97.381011,Mexico,0.0625,0.123125,170.315,0.21,7.4,162.22388,1,2,6.36,1,1,7,
Carnivora,Mustelidae,mustela frenata,LC,12,2.333333333,99,184,-0.461755,-77.904245,Ecuador,0.060111989,0.105736989,170.315,0.21,7.4,162.22388,1,2,6.36,1,1,7,
Rodentia,Myocastoridae,myocastor coypus,LC,4,7,90,610,-25.54553,-48.78396,Brazil,0.019945355,0.029060382,6937.45,0.02,8.483333333,159.789,7.5,2,5.34,2.32,1,6,
Rodentia,Myocastoridae,myocastor coypus,LC,28,1,180.4,1126,-22.307184,-43.130266,Brazil,0.001796875,0.002149063,6937.45,0.02,8.483333333,159.789,7.5,2,5.34,2.32,1,6,
Rodentia,Myocastoridae,myocastor coypus,LC,1,28,195,373,-29.660601,-49.980385,Brazil,0.025091084,0.036557709,6937.45,0.02,8.483333333,159.789,7.5,2,5.34,2.32,1,6,
Rodentia,Myocastoridae,myocastor coypus,LC,2.7,10.37037037,117,365,-32.24,-52.48583333,Brazil,1.282051282,1.867948718,6937.45,0.02,8.483333333,159.789,7.5,2,5.34,2.32,1,6,
Rodentia,Myocastoridae,myocastor coypus,LC,3.5,8,137,365,-32.24,-52.48583333,Brazil,0.496350365,0.723182482,6937.45,0.02,8.483333333,159.789,7.5,2,5.34,2.32,1,6,
Rodentia,Myocastoridae,myocastor coypus,LC,1.69,16.56804734,255,396,-24.739094,-65.028936,Argentina,0.007229154,0.010532877,6937.45,0.02,8.483333333,159.789,7.5,2,5.34,2.32,1,6,
Rodentia,Myocastoridae,myocastor coypus,LC,4,7,137,365,-32.076796,-52.270823,Brazil,1.131386861,1.648430656,6937.45,0.02,8.483333333,159.789,7.5,2,5.34,2.32,1,6,
Rodentia,Myocastoridae,myocastor coypus,LC,6,4.666666667,26,761,-28.170158,-52.314813,Brazil,0.092236935,0.134389214,6937.45,0.02,8.483333333,159.789,7.5,2,5.34,2.32,1,6,
Rodentia,Myocastoridae,myocastor coypus,LC,40,0.7,12,488,-22.246302,-47.839529,Brazil,0.062329235,0.062329235,6937.45,0.02,8.483333333,159.789,7.5,2,5.34,2.32,1,6,
Pilosa,Myrmecophagidae,myrmecophaga tridactyla,VU,2,14,920,426,-20.490151,-54.80721,Brazil,0.115482752,0.16825837,29531.83,4,26,1187.004,1,2,1,1.17,1,6,0.2
Pilosa,Myrmecophagidae,myrmecophaga tridactyla,VU,9.3,3.010752688,136,547,-14.157535,-47.59415,Brazil,0.004906442,0.007148686,29531.83,4,26,1187.004,1,2,1,1.17,1,6,0.2
Pilosa,Myrmecophagidae,myrmecophaga tridactyla,VU,4,7,100,365,-13.561588,-58.421854,Brazil,0.06,0.08742,29531.83,4,26,1187.004,1,2,1,1.17,1,6,0.2
Pilosa,Myermecophagidae,myrmecophaga tridactyla,VU,2,14,250,2587,-20.552911,-55.549228,Brazil,0.032168535,0.046869555,29531.83,4,26,1187.004,1,2,1,1.17,1,6,0.2
Pilosa,Myermecophagidae,myrmecophaga tridactyla,VU,4,7,96,365,-19.36333333,-48.07916667,Brazil,0.03125,0.04553125,29531.83,4,26,1187.004,1,2,1,1.17,1,6,0.2
Pilosa,Myermecophagidae,myrmecophaga tridactyla,VU,4,7,192,365,-19.278735,-48.122972,Brazil,0.015625,0.022765625,29531.83,4,26,1187.004,1,2,1,1.17,1,6,0.2
Pilosa,Myermecophagidae,myrmecophaga tridactyla,VU,8,3.5,55,366,-18.232298,-50.431983,Brazil,0.16318927,0.237766766,29531.83,4,26,1187.004,1,2,1,1.17,1,6,0.2
Pilosa,Myermecophagidae,myrmecophaga tridactyla,VU,4,7,216,538,-16.575593,-50.261,Brazil,0.094227592,0.137289602,29531.83,4,26,1187.004,1,2,1,1.17,1,6,0.2
Pilosa,Myrmecophagidae,myrmecophaga tridactyla,VU,3,9.333333333,197,183,-16.598535,-50.195063,Brazil,0.212615461,0.309780727,29531.83,4,26,1187.004,1,2,1,1.17,1,6,0.2
Pilosa,Myermecophagidae,myrmecophaga tridactyla,VU,4,7,70,214,-20.187971,-54.806624,Brazil,0.21929239,0.319509012,29531.83,4,26,1187.004,1,2,1,1.17,1,6,0.2
Pilosa,Myrmecophagidae,myrmecophaga tridactyla,VU,1,28,215,457,-20.387782,-56.100565,Brazil,0.07058165,0.102837464,29531.83,4,26,1187.004,1,2,1,1.17,1,6,0.2
Pilosa,Myrmecophagidae,myrmecophaga tridactyla,VU,8.33,3.361344538,107,90,4.390395,-73.297052,Colombia,0.037902388,0.055223779,29531.83,4,26,1187.004,1,2,1,1.17,1,6,0.2
Pilosa,Myrmecophagidae,myrmecophaga tridactyla,VU,2,14,160,3987,-19.718147,-46.96661,Brazil,0.014304301,0.020841367,29531.83,4,26,1187.004,1,2,1,1.17,1,6,0.2
Pilosa,Myrmecophagidae,myrmecophaga tridactyla,VU,1,28,802,396,-17.859419,-51.730303,Brazil,0.097688229,0.14233175,29531.83,4,26,1187.004,1,2,1,1.17,1,6,0.2
Pilosa,Myrmecophagidae,myrmecophaga tridactyla,VU,1,28,74,599,8.90034,-69.403086,Venezuela,0.024703334,0.035992758,29531.83,4,26,1187.004,1,2,1,1.17,1,6,0.2
Pilosa,Myermecophagidae,myrmecophaga tridactyla,VU,1,28,280,365,-15.159661,-56.55916,Brazil,0.017857143,0.026017857,29531.83,4,26,1187.004,1,2,1,1.17,1,6,0.2
Pilosa,Myrmecophagidae,myrmecophaga tridactyla,VU,4,7,115,365,-11.904988,-48.737133,Brazil,0.060869565,0.088686956,29531.83,4,26,1187.004,1,2,1,1.17,1,6,0.2
Carnivora,Procyonidae,nasua narica,LC,2,14,94.9,365,10.020301,-83.215233,Costa_Rica,0.021074816,0.030706007,4030.05,0.78,22.01666667,712,,1,4.085,1.1,3,5,50.175
Carnivora,Procyonidae,nasua narica,LC,2,14,71,335,10.468506,-84.657612,Costa_Rica,0.030691612,0.044717679,4030.05,0.78,22.01666667,712,,1,4.085,1.1,3,5,50.175
Carnivora,Procyonidae,nasua nasua,LC,2,14,920,426,-20.490151,-54.80721,Brazil,0.013038375,0.018996912,3793.85,0.79,20.6625,785.91,,1,3.75,1.1,3,3,9.09
Carnivora,Procyonidae,nasua nasua,LC,56,0.5,34,1461,-25.753,-54.54,Argentina,0.183697709,0.183697709,3793.85,0.79,20.6625,785.91,,1,3.75,1.1,3,3,9.09
Carnivora,Procyonidae,nasua nasua,LC,9.3,3.010752688,136,547,-14.157535,-47.59415,Brazil,0.009812883,0.014297371,3793.85,0.79,20.6625,785.91,,1,3.75,1.1,3,3,9.09
Carnivora,Procyonidae,nasua nasua,LC,4,7,100,365,-13.561588,-58.421854,Brazil,0.08,0.11656,3793.85,0.79,20.6625,785.91,,1,3.75,1.1,3,3,9.09
Carnivora,Procyonidae,nasua nasua,LC,28,1,180.4,1126,-22.307184,-43.130266,Brazil,0.001796875,0.002149063,3793.85,0.79,20.6625,785.91,,1,3.75,1.1,3,3,9.09
Carnivora,Procyonidae,nasua nasua,LC,2,14,250,2587,-20.552911,-55.549228,Brazil,0.002821801,0.004111364,3793.85,0.79,20.6625,785.91,,1,3.75,1.1,3,3,9.09
Carnivora,Procyonidae,nasua nasua,LC,4,7,45,366,-30.347781,-53.998679,Brazil,0.022161506,0.032289314,3793.85,0.79,20.6625,785.91,,1,3.75,1.1,3,3,9.09
Carnivora,Procyonidae,nasua nasua,LC,8,3.5,55,366,-18.232298,-50.431983,Brazil,0.108792846,0.158511177,3793.85,0.79,20.6625,785.91,,1,3.75,1.1,3,3,9.09
Carnivora,Procyonidae,nasua nasua,LC,4,7,63,242,-26.581324,-48.722133,Brazil,0.023940706,0.034881609,3793.85,0.79,20.6625,785.91,,1,3.75,1.1,3,3,9.09
Carnivora,Procyonidae,nasua nasua,LC,1.69,16.56804734,255,396,-24.739094,-65.028936,Argentina,0.003614577,0.005266439,3793.85,0.79,20.6625,785.91,,1,3.75,1.1,3,3,9.09
Carnivora,Procyonidae,nasua nasua,LC,4,7,216,538,-16.575593,-50.261,Brazil,0.037691037,0.054915841,3793.85,0.79,20.6625,785.91,,1,3.75,1.1,3,3,9.09
Carnivora,Procyonidae,nasua nasua,LC,3,9.333333333,197,183,-16.598535,-50.195063,Brazil,0.080996366,0.118011705,3793.85,0.79,20.6625,785.91,,1,3.75,1.1,3,3,9.09
Carnivora,Procyonidae,nasua nasua,LC,4,7,70,214,-20.187971,-54.806624,Brazil,0.024365821,0.035501001,3793.85,0.79,20.6625,785.91,,1,3.75,1.1,3,3,9.09
Carnivora,Procyonidae,nasua nasua,LC,1,28,215,457,-20.387782,-56.100565,Brazil,0.029718589,0.043299984,3793.85,0.79,20.6625,785.91,,1,3.75,1.1,3,3,9.09
Carnivora,Procyonidae,nasua nasua,LC,8,3.5,25,1310,-6.115415,-49.990498,Brazil,0.12259542,0.178621527,3793.85,0.79,20.6625,785.91,,1,3.75,1.1,3,3,9.09
Carnivora,Procyonidae,nasua nasua,LC,6,4.666666667,26,761,-28.170158,-52.314813,Brazil,0.18447387,0.268778429,3793.85,0.79,20.6625,785.91,,1,3.75,1.1,3,3,9.09
Carnivora,Procyonidae,nasua nasua,LC,12,2.333333333,59.6,730,-19.72597,-40.644482,Brazil,0.008389262,0.010855705,3793.85,0.79,20.6625,785.91,,1,3.75,1.1,3,3,9.09
Carnivora,Procyonidae,nasua nasua,LC,1.67,16.76646707,70,344,-25.755959,-57.729048,Paraguay,0.030315615,0.044169851,3793.85,0.79,20.6625,785.91,,1,3.75,1.1,3,3,9.09
Carnivora,Procyonidae,nasua nasua,LC,1.83,15.30054645,63,365,-15.79053,-56.654475,Brazil,0.047619048,0.069380953,3793.85,0.79,20.6625,785.91,,1,3.75,1.1,3,3,9.09
Carnivora,Procyonidae,nasua nasua,LC,1,28,802,396,-17.859419,-51.730303,Brazil,0.029881105,0.04353677,3793.85,0.79,20.6625,785.91,,1,3.75,1.1,3,3,9.09
Carnivora,Procyonidae,nasua nasua,LC,672,0.041666667,412,303,-26.07434,-49.744804,Brazil,0.008771508,0.008771508,3793.85,0.79,20.6625,785.91,,1,3.75,1.1,3,3,9.09
Carnivora,Procyonidae,nasua nasua,LC,16,1.75,130,304,-20.675583,-43.349806,Brazil,0.01847166,0.023902328,3793.85,0.79,20.6625,785.91,,1,3.75,1.1,3,3,9.09
Carnivora,Procyonidae,nasua nasua,LC,1,28,280,365,-15.159661,-56.55916,Brazil,0.089285714,0.130089285,3793.85,0.79,20.6625,785.91,,1,3.75,1.1,3,3,9.09
Carnivora,Procyonidae,nasua nasua,LC,672,0.041666667,366,1461,-24.866723,-50.445759,Brazil,0.038907777,0.038907777,3793.85,0.79,20.6625,785.91,,1,3.75,1.1,3,3,9.09
Carnivora,Procyonidae,nasua nasua,LC,4,7,115,365,-11.904988,-48.737133,Brazil,0.026086957,0.038008696,3793.85,0.79,20.6625,785.91,,1,3.75,1.1,3,3,9.09
Rodentia,Sciuridae,otospermophilus variegatus,LC,2.83,9.893992933,112,365,19.535661,-97.381011,Mexico,0.035714286,0.061214286,691.64,0.03,9.808333333,420.91,,1,4.715,1.5,3,3,
Cetartiodactyla,Cervidae,ozotoceros bezoarticus,NT,9.3,3.010752688,136,547,-14.157535,-47.59415,Brazil,0.004906442,0.007148686,34620.4,6.16,21.875,365,3.5,2,1,1,1,5,3.66
Cetartiodactyla,Cervidae,ozotoceros bezoarticus,NT,4,7,100,365,-13.561588,-58.421854,Brazil,0.01,0.01457,34620.4,6.16,21.875,365,3.5,2,1,1,1,5,3.66
Carnivora,Felidae,panthera onca,NT,56,0.5,34,1461,-25.753,-54.54,Argentina,0.007347908,0.007347908,83943.09,52.55,23,906.15208,1,2,1.98,0.5,3,4,0.02405
Cetartiodactyla,Tayassuidae,pecari tajacu,LC,2,14,920,426,-20.490151,-54.80721,Brazil,0.01117575,0.016283068,21133.69,1.37,24.7,323.83904,20,2,1.69,2,4,7,5.325
Cetartiodactyla,Tayassuidae,pecari tajacu,LC,1,28,215,457,-20.387782,-56.100565,Brazil,0.014859295,0.021649993,21133.69,1.37,24.7,323.83904,20,2,1.69,2,4,7,5.325
Cetartiodactyla,Tayassuidae,pecari tajacu,LC,1,28,802,396,-17.859419,-51.730303,Brazil,0.001149273,0.001674491,21133.69,1.37,24.7,323.83904,20,2,1.69,2,4,7,5.325
Rodentia,Cricetidae,peromyscus maniculatus,LC,2.83,9.893992933,112,365,19.535661,-97.381011,Mexico,3.241071429,6.384910715,20.5,0.00203,7.95,59.95794,,2,4.6875,3.55,4,7,154.21
Rodentia,Cricetidae,peromyscus truei,LC,2.83,9.893992933,112,365,19.535661,-97.381011,Mexico,0.008928571,0.017589285,27.35,0.00913,5.3625,42.46,,2,3.49,3.4,4,5,300
Didelphimorphia,Didelphidae,philander frenatus,LC,28,1,180.4,1126,-22.307184,-43.130266,Brazil,0.003593751,0.005042033,467,0.04,3.5,216.665,,2,4.675,2.5,5,4,
Didelphimorphia,Didelphidae,philander frenatus,LC,672,0.041666667,57.5,1765,-20.580677,-40.417217,Brazil,0.01798251,0.01798251,467,0.04,3.5,216.665,,2,4.675,2.5,5,4,
Didelphimorphia,Didelphidae,philander opossum,LC,2,14,94.9,365,10.020301,-83.215233,Costa_Rica,0.18967334,0.325100105,510,0.00307,3.5,213.08,1,2,4.675,2.5,5,5,95.74
Didelphimorphia,Didelphidae,philander opossum,LC,56,0.5,34,1461,-25.753,-54.54,Argentina,0.007347908,0.007347908,510,0.00307,3.5,213.08,1,2,4.675,2.5,5,5,95.74
Didelphimorphia,Didelphidae,philander opossum,LC,2,14,71,335,10.468506,-84.657612,Costa_Rica,0.076729031,0.131513559,510,0.00307,3.5,213.08,1,2,4.675,2.5,5,5,95.74
Didelphimorphia,Didelphidae,philander opossum,LC,4,7,63,242,-26.581324,-48.722133,Brazil,0.023940706,0.04103437,510,0.00307,3.5,213.08,1,2,4.675,2.5,5,5,95.74
Didelphimorphia,Didelphidae,philander opossum,LC,10,2.8,8,730,18.436503,-95.089337,Mexico,0.8125,1.2406875,510,0.00307,3.5,213.08,1,2,4.675,2.5,5,5,95.74
Carnivora,Procyonidae,potos flavus,LC,2,14,94.9,365,10.020301,-83.215233,Costa_Rica,0.073761855,0.107471023,2441.81,0.22,32,830.7777,1,2,1.055,1,3,3,
Carnivora,Procyonidae,potos flavus,LC,8,3.5,38.92,92,9.245341,-79.64701,Panama,0.101937084,0.148522331,2441.81,0.22,32,830.7777,1,2,1.055,1,3,3,
Carnivora,Procyonidae,potos flavus,LC,672,0.041666667,57.5,1765,-20.580677,-40.417217,Brazil,0.003596502,0.003596502,2441.81,0.22,32,830.7777,1,2,1.055,1,3,3,
Carnivora,Procyonidae,potos flavus,LC,12,2.333333333,59.6,730,-19.72597,-40.644482,Brazil,0.008389262,0.010855705,2441.81,0.22,32,830.7777,1,2,1.055,1,3,3,
Carnivora,Procyonidae,potos flavus,LC,12,2.333333333,99,184,-0.461755,-77.904245,Ecuador,0.02003733,0.025928305,2441.81,0.22,32,830.7777,1,2,1.055,1,3,3,
Carnivora,Procyonidae,potos flavus,LC,1,28,802,396,-17.859419,-51.730303,Brazil,0.001149273,0.001674491,2441.81,0.22,32,830.7777,1,2,1.055,1,3,3,
Carnivora,Procyonidae,procyon cancrivorus,LC,3.6,7.777777778,80.27,151,11.019911,-74.213309,Colombia,0.903407952,1.316265386,6931.72,5.57,16.48333333,498.185,1,2,2.685,1,5,6,
Carnivora,Procyonidae,procyon cancrivorus,LC,2,14,920,426,-20.490151,-54.80721,Brazil,0.025145438,0.036636903,6931.72,5.57,16.48333333,498.185,1,2,2.685,1,5,6,
Carnivora,Procyonidae,procyon cancrivorus,LC,56,0.5,34,1461,-25.753,-54.54,Argentina,0.264524701,0.264524701,6931.72,5.57,16.48333333,498.185,1,2,2.685,1,5,6,
Carnivora,Procyonidae,procyon cancrivorus,LC,4,7,90,610,-25.54553,-48.78396,Brazil,0.059836066,0.087181148,6931.72,5.57,16.48333333,498.185,1,2,2.685,1,5,6,
Carnivora,Procyonidae,procyon cancrivorus,LC,9.3,3.010752688,136,547,-14.157535,-47.59415,Brazil,0.014719325,0.021446057,6931.72,5.57,16.48333333,498.185,1,2,2.685,1,5,6,
Carnivora,Procyonidae,procyon cancrivorus,LC,28,1,180.4,1126,-22.307184,-43.130266,Brazil,0.008984377,0.010745315,6931.72,5.57,16.48333333,498.185,1,2,2.685,1,5,6,
Carnivora,Procyonidae,procyon cancrivorus,LC,2,14,250,2587,-20.552911,-55.549228,Brazil,0.008465404,0.012334094,6931.72,5.57,16.48333333,498.185,1,2,2.685,1,5,6,
Carnivora,Procyonidae,procyon cancrivorus,LC,4,7,96,365,-19.36333333,-48.07916667,Brazil,0.208333333,0.303541666,6931.72,5.57,16.48333333,498.185,1,2,2.685,1,5,6,
Carnivora,Procyonidae,procyon cancrivorus,LC,4,7,192,365,-19.278735,-48.122972,Brazil,0.104166667,0.151770834,6931.72,5.57,16.48333333,498.185,1,2,2.685,1,5,6,
Carnivora,Procyonidae,procyon cancrivorus,LC,1,28,195,373,-29.660601,-49.980385,Brazil,0.105382553,0.15354238,6931.72,5.57,16.48333333,498.185,1,2,2.685,1,5,6,
Carnivora,Procyonidae,procyon cancrivorus,LC,4,7,45,366,-30.347781,-53.998679,Brazil,0.132969035,0.193735884,6931.72,5.57,16.48333333,498.185,1,2,2.685,1,5,6,
Carnivora,Procyonidae,procyon cancrivorus,LC,4,7,63,242,-26.581324,-48.722133,Brazil,0.095762823,0.139526433,6931.72,5.57,16.48333333,498.185,1,2,2.685,1,5,6,
Carnivora,Procyonidae,procyon cancrivorus,LC,1.69,16.56804734,255,396,-24.739094,-65.028936,Argentina,0.010843731,0.015799316,6931.72,5.57,16.48333333,498.185,1,2,2.685,1,5,6,
Carnivora,Procyonidae,procyon cancrivorus,LC,4,7,216,538,-16.575593,-50.261,Brazil,0.021986438,0.03203424,6931.72,5.57,16.48333333,498.185,1,2,2.685,1,5,6,
Carnivora,Procyonidae,procyon cancrivorus,LC,1,28,67,304,-28.983732,-53.646553,Brazil,0.017920267,0.026109829,6931.72,5.57,16.48333333,498.185,1,2,2.685,1,5,6,
Carnivora,Procyonidae,procyon cancrivorus,LC,3,9.333333333,197,183,-16.598535,-50.195063,Brazil,0.060747275,0.08850878,6931.72,5.57,16.48333333,498.185,1,2,2.685,1,5,6,
Carnivora,Procyonidae,procyon cancrivorus,LC,8,3.5,27.2,182,9.489191,-75.514281,Colombia,0.589851325,0.859413381,6931.72,5.57,16.48333333,498.185,1,2,2.685,1,5,6,
Carnivora,Procyonidae,procyon cancrivorus,LC,1,28,215,457,-20.387782,-56.100565,Brazil,0.033433413,0.048712483,6931.72,5.57,16.48333333,498.185,1,2,2.685,1,5,6,
Carnivora,Procyonidae,procyon cancrivorus,LC,672,0.041666667,57.5,1765,-20.580677,-40.417217,Brazil,0.071930041,0.071930041,6931.72,5.57,16.48333333,498.185,1,2,2.685,1,5,6,
Carnivora,Procyonidae,procyon cancrivorus,LC,8,3.5,51,426,-2.47187,-79.621231,Ecuador,0.033600295,0.04895563,6931.72,5.57,16.48333333,498.185,1,2,2.685,1,5,6,
Carnivora,Procyonidae,procyon cancrivorus,LC,2,14,12,305,-29.878831,-50.16805,Brazil,0.199453552,0.290603825,6931.72,5.57,16.48333333,498.185,1,2,2.685,1,5,6,
Carnivora,Procyonidae,procyon cancrivorus,LC,12,2.333333333,59.6,730,-19.72597,-40.644482,Brazil,0.016778523,0.021711409,6931.72,5.57,16.48333333,498.185,1,2,2.685,1,5,6,
Carnivora,Procyonidae,procyon cancrivorus,LC,1.67,16.76646707,70,344,-25.755959,-57.729048,Paraguay,0.030315615,0.044169851,6931.72,5.57,16.48333333,498.185,1,2,2.685,1,5,6,
Carnivora,Procyonidae,procyon cancrivorus,LC,1.83,15.30054645,63,365,-15.79053,-56.654475,Brazil,0.111111111,0.161888889,6931.72,5.57,16.48333333,498.185,1,2,2.685,1,5,6,
Carnivora,Procyonidae,procyon cancrivorus,LC,20,1.4,36,183,-10.675567,-62.208069,Brazil,0.055403764,0.066262902,6931.72,5.57,16.48333333,498.185,1,2,2.685,1,5,6,
Carnivora,Procyonidae,procyon cancrivorus,LC,2,14,75,245,7.082591,-73.718817,Colombia,0.397278912,0.578835375,6931.72,5.57,16.48333333,498.185,1,2,2.685,1,5,6,
Carnivora,Procyonidae,procyon cancrivorus,LC,1,28,802,396,-17.859419,-51.730303,Brazil,0.048269478,0.070328629,6931.72,5.57,16.48333333,498.185,1,2,2.685,1,5,6,
Carnivora,Procyonidae,procyon cancrivorus,LC,8,3.5,178.8,91,9.017987,-73.633823,Colombia,0.089731298,0.130738501,6931.72,5.57,16.48333333,498.185,1,2,2.685,1,5,6,
Carnivora,Procyonidae,procyon cancrivorus,LC,12,2.333333333,36,730,-1.005806,-46.774428,Brazil,0.291666667,0.377416667,6931.72,5.57,16.48333333,498.185,1,2,2.685,1,5,6,
Carnivora,Procyonidae,procyon cancrivorus,LC,1,28,180,334,-7.063913,-36.564084,Brazil,0.006071191,0.008845725,6931.72,5.57,16.48333333,498.185,1,2,2.685,1,5,6,
Carnivora,Procyonidae,procyon cancrivorus,LC,40,0.7,12,488,-22.246302,-47.839529,Brazil,0.062329235,0.062329235,6931.72,5.57,16.48333333,498.185,1,2,2.685,1,5,6,
Carnivora,Procyonidae,procyon cancrivorus,LC,16,1.75,130,304,-20.675583,-43.349806,Brazil,0.00923583,0.011951164,6931.72,5.57,16.48333333,498.185,1,2,2.685,1,5,6,
Carnivora,Procyonidae,procyon cancrivorus,LC,1,28,74,599,8.90034,-69.403086,Venezuela,0.074110003,0.107978274,6931.72,5.57,16.48333333,498.185,1,2,2.685,1,5,6,
Carnivora,Procyonidae,procyon cancrivorus,LC,8,3.5,29,365,-30.117957,-53.619222,Brazil,0.24137931,0.351689655,6931.72,5.57,16.48333333,498.185,1,2,2.685,1,5,6,
Carnivora,Procyonidae,procyon cancrivorus,LC,8,3.5,130,426,-7.167969,-35.367968,Brazil,0.019772481,0.028808505,6931.72,5.57,16.48333333,498.185,1,2,2.685,1,5,6,
Carnivora,Procyonidae,procyon cancrivorus,LC,1,28,280,365,-15.159661,-56.55916,Brazil,0.042857143,0.062442857,6931.72,5.57,16.48333333,498.185,1,2,2.685,1,5,6,
Carnivora,Procyonidae,procyon cancrivorus,LC,4,7,115,365,-11.904988,-48.737133,Brazil,0.034782609,0.050678261,6931.72,5.57,16.48333333,498.185,1,2,2.685,1,5,6,
Carnivora,Procyonidae,procyon lotor,LC,2,14,94.9,365,10.020301,-83.215233,Costa_Rica,0.147523709,0.214942044,5524.97,4.62,20.58333333,365,,2,3.225,1,4,9,107.5
Carnivora,Procyonidae,procyon lotor,LC,2,14,71,335,10.468506,-84.657612,Costa_Rica,0.030691612,0.044717679,5524.97,4.62,20.58333333,365,,2,3.225,1,4,9,107.5
Carnivora,Procyonidae,procyon lotor,LC,2.83,9.893992933,112,365,19.535661,-97.381011,Mexico,0.008928571,0.013008928,5524.97,4.62,20.58333333,365,,2,3.225,1,4,9,107.5
Carnivora,Felidae,puma concolor,LC,56,0.5,34,1461,-25.753,-54.54,Argentina,0.014695817,0.014695817,51600.04,129.89,21.85416667,912,1,2,2.76,0.47,1,8,0.06
Carnivora,Felidae,puma concolor,LC,9.3,3.010752688,136,547,-14.157535,-47.59415,Brazil,0.004906442,0.007148686,51600.04,129.89,21.85416667,912,1,2,2.76,0.47,1,8,0.06
Carnivora,Felidae,puma concolor,LC,2,14,250,2587,-20.552911,-55.549228,Brazil,0.001128721,0.001644546,51600.04,129.89,21.85416667,912,1,2,2.76,0.47,1,8,0.06
Carnivora,Felidae,puma concolor,LC,1.83,15.30054645,63,365,-15.79053,-56.654475,Brazil,0.015873016,0.023126984,51600.04,129.89,21.85416667,912,1,2,2.76,0.47,1,8,0.06
Carnivora,Felidae,puma concolor,LC,672,0.041666667,366,1461,-24.866723,-50.445759,Brazil,0.000682593,0.000682593,51600.04,129.89,21.85416667,912,1,2,2.76,0.47,1,8,0.06
Carnivora,Felidae,puma concolor,LC,4,7,115,365,-11.904988,-48.737133,Brazil,0.008695652,0.012669565,51600.04,129.89,21.85416667,912,1,2,2.76,0.47,1,8,0.06
Rodentia,Muridae,rattus norvegicus,LC,672,0.041666667,57.5,1765,-20.580677,-40.417217,Brazil,0.003596502,0.003596502,282.89,0.00293,5,78.78396,,2,8.9225,3.68,4,9,
Rodentia,Muridae,rattus norvegicus,LC,2.83,9.893992933,112,365,19.535661,-97.381011,Mexico,0.008928571,0.017589285,282.89,0.00293,5,78.78396,,2,8.9225,3.68,4,9,
Rodentia,Muridae,rattus norvegicus,LC,8,3.5,91.5,181,-4.926667,-80.344444,Peru,0.044078133,0.086833922,282.89,0.00293,5,78.78396,,2,8.9225,3.68,4,9,
Rodentia,Muridae,rattus rattus,LC,3.6,7.777777778,80.27,151,11.019911,-74.213309,Colombia,0.060227197,0.118647578,200,0.00232,4.2,102.645,,2,5.915,4.28,4,8,1280
Rodentia,Muridae,rattus rattus,LC,8,3.5,28,245,-19.936923,-40.482438,Brazil,0.106413994,0.209635568,200,0.00232,4.2,102.645,,2,5.915,4.28,4,8,1280
Rodentia,Muridae,rattus rattus,LC,1,28,802,396,-17.859419,-51.730303,Brazil,0.001149273,0.002264068,200,0.00232,4.2,102.645,,2,5.915,4.28,4,8,1280
Rodentia,Cricetidae,reithrodontomys megalotis,LC,2.83,9.893992933,112,365,19.535661,-97.381011,Mexico,0.008928571,0.017589285,10.72,0.00101,2.5375,97.46954,1,2,3.965,4.5,2,7,770
Primates,Callitrichidae,saguinus midas,LC,4.63,7.22,107,762,-2.323301,-60.044455,Brazil,0.00895332,0.01534599,540.56,0.05,15.4,624.49108,5.55,1,2.01,1.4,3,1,25
Primates,Cebidae,saimiri sciureus,LC,8.33,3.361344538,107,90,4.390395,-73.297052,Colombia,0.037902388,0.064964693,749.47,0.68,27,1090.58878,34.85,1,1,1.07,5,1,22
Primates,Cebidae,sapajus apella,LC,4,7,216,538,-16.575593,-50.261,Brazil,0.00314092,0.00457632,2642.5,0.88,45.08333333,1727.44808,7.9,1,1.05,0.6,6,2,13
Primates,Cebidae,sapajus apella,LC,1,28,215,457,-20.387782,-56.100565,Brazil,0.014859295,0.021649993,2642.5,0.88,45.08333333,1727.44808,7.9,1,1.05,0.6,6,2,13
Primates,Cebidae,sapajus apella,LC,8,3.5,25,1310,-6.115415,-49.990498,Brazil,0.011145038,0.01623832,2642.5,0.88,45.08333333,1727.44808,7.9,1,1.05,0.6,6,2,13
Primates,Cebidae,sapajus apella,LC,1,28,280,365,-15.159661,-56.55916,Brazil,0.017857143,0.026017857,2642.5,0.88,45.08333333,1727.44808,7.9,1,1.05,0.6,6,2,13
Primates,Cebidae,sapajus cay,LC,4,7,100,365,-13.561588,-58.421854,Brazil,0.04,0.05828,2642.5,0.88,45.08333333,1727.44808,7.9,1,1.05,0.6,6,1,13
Primates,Cebidae,sapajus libidinosus,NT,8,3.5,55,366,-18.232298,-50.431983,Brazil,0.018132141,0.026418529,2687.21,3,45.04166667,1727.44808,,1,1.05,0.6,5,2,14.1
Primates,Cebidae,sapajus libidinosus,NT,3,9.333333333,197,183,-16.598535,-50.195063,Brazil,0.020249092,0.029502927,2687.21,3,45.04166667,1727.44808,,1,1.05,0.6,5,2,14.1
Primates,Cebidae,sapajus libidinosus,NT,1,28,802,396,-17.859419,-51.730303,Brazil,0.00344782,0.005023474,2687.21,3,45.04166667,1727.44808,,1,1.05,0.6,5,2,14.1
Rodentia,Cricetidae,sigmodon hispidus,LC,2,14,71,335,10.468506,-84.657612,Costa_Rica,0.092074837,0.181387429,110.65,0.0024,5.2,40,1,2,5.44,2,2,2,5250
Rodentia,Cricetidae,sigmodon hispidus,LC,2.83,9.893992933,112,365,19.535661,-97.381011,Mexico,0.008928571,0.017589285,110.65,0.0024,5.2,40,1,2,5.44,2,2,2,5250
Carnivora,Canidae,speothos venaticus,NT,24,1.166666667,99.3,183,9.508766,-75.236148,Colombia,0.020085957,0.024022805,6000,4.6,10.33333333,319.598,4.5,1,3.965,2,1,5,0.04
Carnivora,Canidae,speothos venaticus,NT,1,28,802,396,-17.859419,-51.730303,Brazil,0.001149273,0.001674491,6000,4.6,10.33333333,319.598,4.5,1,3.965,2,1,5,0.04
Carnivora,Canidae,speothos venaticus,NT,4.63,7.22,107,762,-2.323301,-60.044455,Brazil,0.00447666,0.006522494,6000,4.6,10.33333333,319.598,4.5,1,3.965,2,1,5,0.04
Lagomorpha,Leporidae,sylvilagus audubonii,LC,2.83,9.893992933,112,365,19.535661,-97.381011,Mexico,0.080357143,0.137732143,880.88,0.03,7.808333333,164,,2,3,5,1,5,
Lagomorpha,Leporidae,sylvilagus floridanus,LC,24,1.166666667,99.3,183,9.508766,-75.236148,Colombia,0.020085957,0.024022805,1178.595,0.01,9,123,,2,4.81,3.9,1,6,728.96
Lagomorpha,Leporidae,sylvilagus floridanus,LC,8,3.5,49,182,9.821408,-75.442693,Colombia,0.245570756,0.357796591,1178.595,0.01,9,123,,2,4.81,3.9,1,6,728.96
Lagomorpha,Leporidae,sylvilagus floridanus,LC,10,2.8,8,730,18.436503,-95.089337,Mexico,0.125,0.16175,1178.595,0.01,9,123,,2,4.81,3.9,1,6,728.96
Lagomorpha,Leporidae,sylvilagus floridanus,LC,8,3.5,178.8,91,9.017987,-73.633823,Colombia,0.022432824,0.032684625,1178.595,0.01,9,123,,2,4.81,3.9,1,6,728.96
Lagomorpha,Leporidae,sylvilagus floridanus,LC,1,28,572,153,9.587135,-67.303008,Venezuela,0.008341332,0.012153321,1178.595,0.01,9,123,,2,4.81,3.9,1,6,728.96
Lagomorpha,Leporidae,sylvilagus floridanus,LC,1,28,74,599,8.90034,-69.403086,Venezuela,0.090578893,0.131973447,1178.595,0.01,9,123,,2,4.81,3.9,1,6,728.96
Pilosa,Myrmecophagidae,tamandua mexicana,LC,3.6,7.777777778,80.27,151,11.019911,-74.213309,Colombia,0.090340795,0.131626538,4194.255,0.22,9.5,365.116,1,2,1,1.175,1,5,5
Pilosa,Myrmecophagidae,tamandua mexicana,LC,2,14,94.9,365,10.020301,-83.215233,Costa_Rica,0.136986301,0.199589041,4194.255,0.22,9.5,365.116,1,2,1,1.175,1,5,5
Pilosa,Myrmecophagidae,tamandua mexicana,LC,2,14,71,335,10.468506,-84.657612,Costa_Rica,0.107420643,0.156511877,4194.255,0.22,9.5,365.116,1,2,1,1.175,1,5,5
Pilosa,Myrmecophagidae,tamandua mexicana,LC,8,3.5,38.92,92,9.245341,-79.64701,Panama,0.407748335,0.594089324,4194.255,0.22,9.5,365.116,1,2,1,1.175,1,5,5
Pilosa,Myrmecophagidae,tamandua mexicana,LC,8,3.5,27.2,182,9.489191,-75.514281,Colombia,2.359405301,3.437653524,4194.255,0.22,9.5,365.116,1,2,1,1.175,1,5,5
Pilosa,Myrmecophagidae,tamandua mexicana,LC,24,1.166666667,99.3,183,9.508766,-75.236148,Colombia,0.080343828,0.096091218,4194.255,0.22,9.5,365.116,1,2,1,1.175,1,5,5
Pilosa,Myrmecophagidae,tamandua mexicana,LC,2,14,75,245,7.082591,-73.718817,Colombia,0.437006803,0.636718912,4194.255,0.22,9.5,365.116,1,2,1,1.175,1,5,5
Pilosa,Myrmecophagidae,tamandua mexicana,LC,8,3.5,49,182,9.821408,-75.442693,Colombia,0.327427674,0.477062121,4194.255,0.22,9.5,365.116,1,2,1,1.175,1,5,5
Pilosa,Myrmecophagidae,tamandua mexicana,LC,8,3.5,178.8,91,9.017987,-73.633823,Colombia,2.063819849,3.00698552,4194.255,0.22,9.5,365.116,1,2,1,1.175,1,5,5
Pilosa,Myrmecophagidae,tamandua tetradactyla,LC,2,14,920,426,-20.490151,-54.80721,Brazil,0.108032251,0.15740299,4800,2.72,9.5,365.116,1,2,1,1.35,1,6,0.39
Pilosa,Myrmecophagidae,tamandua tetradactyla,LC,56,0.5,34,1461,-25.753,-54.54,Argentina,0.573136852,0.573136852,4800,2.72,9.5,365.116,1,2,1,1.35,1,6,0.39
Pilosa,Myrmecophagidae,tamandua tetradactyla,LC,4,7,90,610,-25.54553,-48.78396,Brazil,0.066484517,0.096867941,4800,2.72,9.5,365.116,1,2,1,1.35,1,6,0.39
Pilosa,Myrmecophagidae,tamandua tetradactyla,LC,9.3,3.010752688,136,547,-14.157535,-47.59415,Brazil,0.014719325,0.021446057,4800,2.72,9.5,365.116,1,2,1,1.35,1,6,0.39
Pilosa,Myrmecophagidae,tamandua tetradactyla,LC,4,7,100,365,-13.561588,-58.421854,Brazil,0.11,0.16027,4800,2.72,9.5,365.116,1,2,1,1.35,1,6,0.39
Pilosa,Myrmecophagidae,tamandua tetradactyla,LC,28,1,180.4,1126,-22.307184,-43.130266,Brazil,0.010781252,0.012894377,4800,2.72,9.5,365.116,1,2,1,1.35,1,6,0.39
Pilosa,Myrmecophagidae,tamandua tetradactyla,LC,2,14,250,2587,-20.552911,-55.549228,Brazil,0.02144569,0.03124637,4800,2.72,9.5,365.116,1,2,1,1.35,1,6,0.39
Pilosa,Myrmecophagidae,tamandua tetradactyla,LC,4,7,96,365,-19.36333333,-48.07916667,Brazil,0.145833333,0.212479166,4800,2.72,9.5,365.116,1,2,1,1.35,1,6,0.39
Pilosa,Myrmecophagidae,tamandua tetradactyla,LC,4,7,192,365,-19.278735,-48.122972,Brazil,0.072916667,0.106239584,4800,2.72,9.5,365.116,1,2,1,1.35,1,6,0.39
Pilosa,Myrmecophagidae,tamandua tetradactyla,LC,4,7,45,366,-30.347781,-53.998679,Brazil,0.044323012,0.064578628,4800,2.72,9.5,365.116,1,2,1,1.35,1,6,0.39
Pilosa,Myrmecophagidae,tamandua tetradactyla,LC,4,7,63,242,-26.581324,-48.722133,Brazil,0.215466352,0.313934475,4800,2.72,9.5,365.116,1,2,1,1.35,1,6,0.39
Pilosa,Myrmecophagidae,tamandua tetradactyla,LC,4,7,216,538,-16.575593,-50.261,Brazil,0.23242806,0.338647683,4800,2.72,9.5,365.116,1,2,1,1.35,1,6,0.39
Pilosa,Myrmecophagidae,tamandua tetradactyla,LC,3,9.333333333,197,183,-16.598535,-50.195063,Brazil,0.182241824,0.265526338,4800,2.72,9.5,365.116,1,2,1,1.35,1,6,0.39
Perissodactyla,Tapiridae,tamandua tetradactyla,VU,1,28,215,457,-20.387782,-56.100565,Brazil,0.014859295,0.021649993,4800,2.72,9.5,365.116,1,2,1,1.35,1,6,0.39
Pilosa,Myrmecophagidae,tamandua tetradactyla,LC,1,28,215,457,-20.387782,-56.100565,Brazil,0.122589181,0.178612437,4800,2.72,9.5,365.116,1,2,1,1.35,1,6,0.39
Pilosa,Myrmecophagidae,tamandua tetradactyla,LC,8.33,3.361344538,107,90,4.390395,-73.297052,Colombia,0.379023884,0.552237799,4800,2.72,9.5,365.116,1,2,1,1.35,1,6,0.39
Pilosa,Myrmecophagidae,tamandua tetradactyla,LC,672,0.041666667,57.5,1765,-20.580677,-40.417217,Brazil,0.032368518,0.032368518,4800,2.72,9.5,365.116,1,2,1,1.35,1,6,0.39
Pilosa,Myrmecophagidae,tamandua tetradactyla,LC,8,3.5,25,1310,-6.115415,-49.990498,Brazil,0.044580153,0.064953283,4800,2.72,9.5,365.116,1,2,1,1.35,1,6,0.39
Pilosa,Myrmecophagidae,tamandua tetradactyla,LC,6,4.666666667,26,761,-28.170158,-52.314813,Brazil,0.092236935,0.134389214,4800,2.72,9.5,365.116,1,2,1,1.35,1,6,0.39
Pilosa,Myrmecophagidae,tamandua tetradactyla,LC,12,2.333333333,59.6,730,-19.72597,-40.644482,Brazil,0.016778523,0.021711409,4800,2.72,9.5,365.116,1,2,1,1.35,1,6,0.39
Pilosa,Myrmecophagidae,tamandua tetradactyla,LC,1.83,15.30054645,63,365,-15.79053,-56.654475,Brazil,0.380952381,0.555047619,4800,2.72,9.5,365.116,1,2,1,1.35,1,6,0.39
Pilosa,Myrmecophagidae,tamandua tetradactyla,LC,20,1.4,36,183,-10.675567,-62.208069,Brazil,0.055403764,0.066262902,4800,2.72,9.5,365.116,1,2,1,1.35,1,6,0.39
Pilosa,Myrmecophagidae,tamandua tetradactyla,LC,1,28,802,396,-17.859419,-51.730303,Brazil,0.086195496,0.125586838,4800,2.72,9.5,365.116,1,2,1,1.35,1,6,0.39
Pilosa,Myrmecophagidae,tamandua tetradactyla,LC,4.63,7.22,107,762,-2.323301,-60.044455,Brazil,0.098486521,0.143494861,4800,2.72,9.5,365.116,1,2,1,1.35,1,6,0.39
Pilosa,Myrmecophagidae,tamandua tetradactyla,LC,672,0.041666667,412,303,-26.07434,-49.744804,Brazil,0.01461918,0.01461918,4800,2.72,9.5,365.116,1,2,1,1.35,1,6,0.39
Pilosa,Myrmecophagidae,tamandua tetradactyla,LC,12,2.333333333,36,730,-1.005806,-46.774428,Brazil,0.125,0.16175,4800,2.72,9.5,365.116,1,2,1,1.35,1,6,0.39
Pilosa,Myrmecophagidae,tamandua tetradactyla,LC,1,28,572,153,9.587135,-67.303008,Venezuela,0.029194662,0.042536623,4800,2.72,9.5,365.116,1,2,1,1.35,1,6,0.39
Pilosa,Myrmecophagidae,tamandua tetradactyla,LC,1,28,180,334,-7.063913,-36.564084,Brazil,0.006071191,0.008845725,4800,2.72,9.5,365.116,1,2,1,1.35,1,6,0.39
Pilosa,Myrmecophagidae,tamandua tetradactyla,LC,1,28,74,599,8.90034,-69.403086,Venezuela,0.107047782,0.155968618,4800,2.72,9.5,365.116,1,2,1,1.35,1,6,0.39
Pilosa,Myrmecophagidae,tamandua tetradactyla,LC,2.5,11.2,110,365,-11.646886,-61.54987,Brazil,0.018181818,0.026490909,4800,2.72,9.5,365.116,1,2,1,1.35,1,6,0.39
Pilosa,Myrmecophagidae,tamandua tetradactyla,LC,1,28,280,365,-15.159661,-56.55916,Brazil,0.135714286,0.197735715,4800,2.72,9.5,365.116,1,2,1,1.35,1,6,0.39
Pilosa,Myrmecophagidae,tamandua tetradactyla,LC,4,7,115,365,-11.904988,-48.737133,Brazil,0.052173913,0.076017391,4800,2.72,9.5,365.116,1,2,1,1.35,1,6,0.39
Carnivora,Canidae,urocyon cinereoargenteus,LC,0.72,38.88888889,51.9,547,9.784776,-69.152523,Venezuela,0.19285435,0.280988788,3833.72,1.83,15.56666667,345,,2,3.8025,1,5,5,